date,ic_close,csi500_close,basis_abs,basis_pct
2017-01-17,6065.0,6082.066,-17.065999999999804,-0.0028059544240394306
2017-01-18,6073.8,6068.593,5.207000000000335,0.0008580242570230587
2017-01-19,6047.0,6043.675,3.324999999999818,0.0005501619461668303
2017-01-20,6082.8,6121.998,-39.19799999999941,-0.006402811631104652
2017-01-23,6114.2,6172.167,-57.96700000000055,-0.009391677185662759
2017-01-24,6123.0,6165.264,-42.264000000000124,-0.006855180897363053
2017-01-25,6155.0,6179.568,-24.56800000000021,-0.00397568244252676
2017-01-26,6188.8,6223.706,-34.90599999999995,-0.00560855541698145
2017-02-03,6165.0,6207.092,-42.09199999999964,-0.006781275354062683
2017-02-06,6199.6,6259.247,-59.646999999999935,-0.009529421030996209
2017-02-07,6187.4,6255.927,-68.52700000000004,-0.010953932167047353
2017-02-08,6246.6,6291.598,-44.99799999999959,-0.007152078057116744
2017-02-09,6284.8,6331.177,-46.3769999999995,-0.007325178240949431
2017-02-10,6294.2,6337.108,-42.90800000000036,-0.006770911904925773
2017-02-13,6330.2,6369.653,-39.45300000000043,-0.006193900986443127
2017-02-14,6332.0,6374.885,-42.88500000000022,-0.006727180176583612
2017-02-15,6289.6,6311.696,-22.09599999999955,-0.0035008023200102712
2017-02-16,6345.0,6359.336,-14.33600000000024,-0.0022543234073494844
2017-02-17,6213.0,6307.163,-94.16299999999956,-0.014929533294129162
2017-02-20,6313.8,6385.063,-71.26299999999992,-0.01116089222612211
2017-02-21,6341.0,6434.438,-93.4380000000001,-0.01452154795803458
2017-02-22,6389.6,6474.225,-84.625,-0.013071062559611381
2017-02-23,6397.6,6473.993,-76.39300000000003,-0.011799981865905636
2017-02-24,6410.6,6476.166,-65.5659999999998,-0.010124200028226546
2017-02-27,6348.0,6424.255,-76.25500000000011,-0.011869858839663138
2017-02-28,6376.4,6450.97,-74.57000000000062,-0.011559501904364866
2017-03-01,6397.8,6467.639,-69.83899999999994,-0.010798221731299466
2017-03-02,6390.0,6434.626,-44.626000000000204,-0.006935290411595049
2017-03-03,6393.0,6452.839,-59.83899999999994,-0.009273282658997063
2017-03-06,6459.8,6517.324,-57.52399999999943,-0.00882632196895527
2017-03-07,6465.0,6523.187,-58.1869999999999,-0.00892002636134759
2017-03-08,6449.6,6497.088,-47.487999999999374,-0.00730912063989273
2017-03-09,6390.8,6439.382,-48.581999999999425,-0.007544512811943666
2017-03-10,6410.4,6447.917,-37.517000000000735,-0.005818468196783664
2017-03-13,6484.6,6507.896,-23.295999999999367,-0.003579651549440767
2017-03-14,6470.0,6493.485,-23.484999999999673,-0.0036167019712834746
2017-03-15,6466.4,6486.062,-19.662000000000262,-0.0030314233813984915
2017-03-16,6539.0,6543.341,-4.341000000000349,-0.0006634225543190167
2017-03-17,6410.0,6483.246,-73.2460000000001,-0.011297735732995492
2017-03-20,6427.0,6498.342,-71.34199999999964,-0.010978492667821985
2017-03-21,6445.0,6515.946,-70.94599999999991,-0.01088805831110324
2017-03-22,6428.8,6499.793,-70.99299999999948,-0.010922347834769428
2017-03-23,6450.0,6512.187,-62.1869999999999,-0.009549326516575753
2017-03-24,6527.8,6546.615,-18.8149999999996,-0.0028740043518672783
2017-03-27,6480.6,6516.033,-35.43299999999999,-0.005437817764274673
2017-03-28,6467.2,6498.69,-31.48999999999978,-0.004845591957763762
2017-03-29,6443.6,6480.543,-36.9429999999993,-0.005700602557532494
2017-03-30,6366.4,6375.744,-9.344000000000051,-0.001465554451370703
2017-03-31,6380.2,6401.648,-21.44800000000032,-0.0033503872752766663
2017-04-05,6538.6,6539.967,-1.3669999999992797,-0.00020902246142821205
2017-04-06,6536.0,6559.653,-23.653000000000247,-0.00360583097916921
2017-04-07,6556.0,6578.726,-22.725999999999658,-0.003454468235947151
2017-04-10,6546.0,6566.544,-20.54399999999987,-0.003128586361410183
2017-04-11,6602.2,6629.166,-26.96600000000035,-0.004067781678721026
2017-04-12,6555.8,6576.476,-20.675999999999476,-0.003143933012148068
2017-04-13,6610.0,6615.704,-5.7039999999997235,-0.0008621909323633167
2017-04-14,6518.8,6528.162,-9.36200000000008,-0.0014340943132232441
2017-04-17,6443.2,6456.598,-13.398000000000138,-0.0020750866013340367
2017-04-18,6422.2,6418.211,3.988999999999578,0.0006215127548782017
2017-04-19,6346.6,6350.647,-4.046999999999571,-0.0006372579045882366
2017-04-20,6347.8,6347.773,0.027000000000043656,4.253460229287288e-06
2017-04-21,6260.2,6300.713,-40.51299999999992,-0.006429907218437012
2017-04-24,6108.4,6138.505,-30.105000000000473,-0.004904288584924256
2017-04-25,6128.0,6160.461,-32.46100000000024,-0.005269248518901465
2017-04-26,6142.0,6176.398,-34.39800000000014,-0.005569265452129241
2017-04-27,6160.0,6192.304,-32.30400000000009,-0.005216798141693316
2017-04-28,6180.4,6211.862,-31.462000000000444,-0.005064825973275074
2017-05-02,6176.0,6216.115,-40.11499999999978,-0.006453387686682081
2017-05-03,6156.2,6197.478,-41.27800000000025,-0.006660451235163763
2017-05-04,6123.6,6176.305,-52.70499999999993,-0.008533419253097106
2017-05-05,6057.8,6089.683,-31.88299999999981,-0.005235576301754921
2017-05-08,5951.2,5975.54,-24.340000000000146,-0.0040732720390123985
2017-05-09,5987.0,6012.002,-25.002000000000407,-0.004158681251270443
2017-05-10,5842.2,5885.841,-43.64100000000053,-0.007414573380422701
2017-05-11,5827.2,5872.639,-45.439000000000306,-0.0077374073223299275
2017-05-12,5827.2,5863.783,-36.58300000000054,-0.006238805221816792
2017-05-15,5876.8,5893.508,-16.70799999999963,-0.0028349838500261017
2017-05-16,6009.8,6014.734,-4.9340000000001965,-0.0008203189035458919
2017-05-17,6020.0,6027.65,-7.649999999999636,-0.0012691513276317696
2017-05-18,5960.2,5976.3,-16.100000000000364,-0.0026939745327377077
2017-05-19,5913.6,5974.977,-61.3769999999995,-0.010272340797295035
2017-05-22,5828.6,5888.813,-60.21299999999974,-0.010224980823809439
2017-05-23,5716.0,5764.876,-48.876000000000204,-0.008478239601337515
2017-05-24,5759.0,5799.25,-40.25,-0.006940552657671251
2017-05-25,5810.6,5850.801,-40.20100000000002,-0.00687102501007982
2017-05-26,5814.6,5836.934,-22.333999999999833,-0.0038263238885346026
2017-05-31,5772.6,5824.104,-51.503999999999905,-0.008843248678251607
2017-06-01,5667.0,5709.999,-42.998999999999796,-0.007530474173463042
2017-06-02,5753.2,5772.517,-19.317000000000007,-0.003346373860830554
2017-06-05,5775.0,5815.802,-40.80199999999968,-0.007015713396019961
2017-06-06,5807.2,5841.523,-34.32300000000032,-0.005875693718915481
2017-06-07,5952.0,5955.015,-3.0150000000003274,-0.0005062959539145287
2017-06-08,5940.0,5958.977,-18.97699999999986,-0.0031846070223126993
2017-06-09,5964.4,5969.274,-4.874000000000706,-0.000816514705138465
2017-06-12,5882.2,5902.855,-20.654999999999745,-0.0034991542228294185
2017-06-13,5955.4,5980.057,-24.657000000000153,-0.004123204845706346
2017-06-14,5956.6,5966.431,-9.830999999999221,-0.0016477187115713267
2017-06-15,6008.4,6021.165,-12.765000000000327,-0.002120021623722374
2017-06-16,5957.6,6013.0,-55.399999999999636,-0.009213371029436162
2017-06-19,6006.0,6057.412,-51.41200000000026,-0.008487453057510412
2017-06-20,6029.4,6066.905,-37.50500000000011,-0.006181899996785859
2017-06-21,6034.0,6078.193,-44.19300000000021,-0.007270746420852416
2017-06-22,5944.8,5992.335,-47.534999999999854,-0.007932633939858144
2017-06-23,5953.2,6010.314,-57.11400000000049,-0.009502664919004313
2017-06-26,6085.8,6111.641,-25.84099999999944,-0.004228160652760763
2017-06-27,6061.0,6113.166,-52.16600000000017,-0.008533385155907784
2017-06-28,6048.0,6086.211,-38.21100000000024,-0.006278290384608788
2017-06-29,6074.4,6116.993,-42.59300000000076,-0.006963061752727321
2017-06-30,6097.2,6138.156,-40.95600000000013,-0.006672362188253301
2017-07-03,6146.0,6177.395,-31.395000000000437,-0.00508223935817613
2017-07-04,6119.0,6146.853,-27.853000000000065,-0.0045312617692337956
2017-07-05,6161.4,6193.964,-32.564000000000306,-0.005257376374806231
2017-07-06,6146.4,6201.654,-55.254000000000815,-0.008909558643549094
2017-07-07,6183.2,6226.011,-42.811000000000604,-0.006876152322891913
2017-07-10,6165.0,6206.557,-41.55699999999979,-0.006695660734284691
2017-07-11,6108.4,6128.994,-20.59400000000005,-0.003360094658275086
2017-07-12,6085.4,6132.992,-47.59200000000055,-0.007759997078098349
2017-07-13,6108.2,6149.934,-41.73400000000038,-0.006786089086484566
2017-07-14,6093.4,6128.74,-35.340000000000146,-0.005766274960269182
2017-07-17,5825.6,5876.459,-50.85899999999947,-0.008654701751513874
2017-07-18,5899.0,5938.434,-39.4340000000002,-0.006640471208402787
2017-07-19,6033.2,6059.358,-26.158000000000357,-0.004316958991365151
2017-07-20,6074.0,6099.284,-25.28399999999965,-0.004145404608147391
2017-07-21,6041.2,6126.108,-84.90800000000036,-0.013860023362304477
2017-07-24,6083.8,6167.128,-83.32799999999952,-0.013511637832066973
2017-07-25,6081.2,6153.598,-72.39800000000014,-0.011765149429650774
2017-07-26,6070.0,6146.703,-76.70300000000043,-0.01247872233293205
2017-07-27,6129.4,6184.021,-54.621000000000095,-0.008832602605974349
2017-07-28,6185.2,6215.463,-30.26299999999992,-0.0048689856250451365
2017-07-31,6265.6,6298.0,-32.399999999999636,-0.005144490314385461
2017-08-01,6247.6,6286.536,-38.935999999999694,-0.006193553969944607
2017-08-02,6225.4,6251.863,-26.463000000000648,-0.004232818281526746
2017-08-03,6233.8,6261.968,-28.167999999999665,-0.00449826635971306
2017-08-04,6185.2,6225.115,-39.914999999999964,-0.006411929739450591
2017-08-07,6280.0,6303.421,-23.421000000000276,-0.003715601417071821
2017-08-08,6272.2,6303.716,-31.51600000000053,-0.004999590717602209
2017-08-09,6317.4,6340.022,-22.6220000000003,-0.003568126419750641
2017-08-10,6251.0,6289.217,-38.21699999999964,-0.006076591092341009
2017-08-11,6139.2,6161.19,-21.98999999999978,-0.003569115706543668
2017-08-14,6286.4,6292.642,-6.242000000000189,-0.0009919521879681364
2017-08-15,6292.8,6314.761,-21.96100000000024,-0.00347772465181188
2017-08-16,6306.6,6318.799,-12.198999999999614,-0.0019305883918763066
2017-08-17,6365.8,6366.034,-0.23399999999946886,-3.675757936565668e-05
2017-08-18,6286.6,6347.756,-61.15599999999995,-0.009634270756468891
2017-08-21,6358.8,6403.78,-44.97999999999956,-0.007023976463900941
2017-08-22,6336.0,6375.981,-39.98099999999977,-0.006270564482547826
2017-08-23,6285.2,6322.782,-37.582000000000335,-0.005943902541634415
2017-08-24,6248.6,6278.59,-29.98999999999978,-0.004776550148998387
2017-08-25,6327.2,6346.531,-19.33100000000013,-0.0030459159499890776
2017-08-28,6417.8,6424.584,-6.783999999999651,-0.0010559438556643746
2017-08-29,6389.8,6408.157,-18.35699999999997,-0.0028646301893040338
2017-08-30,6433.6,6453.464,-19.863999999999578,-0.0030780368496670283
2017-08-31,6464.2,6470.426,-6.2260000000005675,-0.0009622241255831637
2017-09-01,6528.6,6526.505,2.0950000000002547,0.00032099875814088164
2017-09-04,6548.6,6564.68,-16.079999999999927,-0.0024494720230079647
2017-09-05,6569.2,6571.859,-2.6590000000005602,-0.00040460393322506766
2017-09-06,6593.6,6607.118,-13.518000000000029,-0.002045975264858298
2017-09-07,6549.4,6558.596,-9.195999999999913,-0.0014021293581735958
2017-09-08,6553.2,6574.183,-20.983000000000175,-0.0031917273979139575
2017-09-11,6661.8,6649.628,12.17200000000048,0.0018304783365325821
2017-09-12,6646.6,6644.012,2.5880000000006476,0.0003895236793673232
2017-09-13,6681.6,6684.38,-2.7799999999997453,-0.0004158949670724503
2017-09-14,6681.4,6672.185,9.214999999999236,0.0013811067888554102
2017-09-15,6629.2,6622.044,7.155999999999949,0.001080633109656165
2017-09-18,6678.4,6669.455,8.944999999999709,0.0013411890476807639
2017-09-19,6600.6,6636.02,-35.42000000000007,-0.005337536656007678
2017-09-20,6668.6,6692.472,-23.87199999999939,-0.0035669928839447353
2017-09-21,6594.6,6612.046,-17.445999999999913,-0.002638517638866988
2017-09-22,6532.2,6572.01,-39.8100000000004,-0.006057507520530309
2017-09-25,6440.8,6489.844,-49.04399999999987,-0.007557038350998864
2017-09-26,6485.0,6520.718,-35.71799999999985,-0.005477617648853983
2017-09-27,6560.0,6583.14,-23.140000000000327,-0.0035150399353500498
2017-09-28,6552.0,6567.792,-15.792000000000371,-0.0024044610426152916
2017-09-29,6598.2,6603.259,-5.0590000000001965,-0.0007661368424288971
2017-10-10,6717.0,6705.481,11.519000000000233,0.001717848428770469
2017-10-11,6660.8,6666.47,-5.670000000000073,-0.0008505250904901803
2017-10-12,6650.2,6659.096,-8.89599999999973,-0.0013359170674217239
2017-10-13,6722.0,6709.816,12.184000000000196,0.001815847111157772
2017-10-16,6606.6,6619.206,-12.605999999999767,-0.0019044580271409845
2017-10-17,6591.8,6612.943,-21.14300000000003,-0.003197214916263459
2017-10-18,6542.8,6563.437,-20.636999999999716,-0.0031442367771641164
2017-10-19,6497.0,6501.4,-4.399999999999636,-0.0006767773095025127
2017-10-20,6548.0,6571.424,-23.423999999999978,-0.0035645242187994533
2017-10-23,6576.2,6612.764,-36.564000000000306,-0.005529306656036765
2017-10-24,6560.8,6603.004,-42.20399999999972,-0.006391636291602993
2017-10-25,6599.8,6647.892,-48.09199999999964,-0.0072341728776580076
2017-10-26,6622.6,6671.929,-49.32899999999972,-0.007393513929779487
2017-10-27,6601.4,6630.807,-29.407000000000153,-0.004434905132964985
2017-10-30,6468.2,6511.762,-43.5619999999999,-0.006689740810551722
2017-10-31,6507.6,6560.205,-52.60499999999956,-0.00801880429041464
2017-11-01,6481.0,6552.955,-71.95499999999993,-0.01098054236600128
2017-11-02,6440.0,6484.926,-44.926000000000386,-0.0069277583121226645
2017-11-03,6362.0,6426.98,-64.97999999999956,-0.010110502911165052
2017-11-06,6475.0,6511.096,-36.09599999999955,-0.005543767132292252
2017-11-07,6514.4,6551.936,-37.53600000000006,-0.005728993689804061
2017-11-08,6541.0,6561.69,-20.6899999999996,-0.0031531510936968375
2017-11-09,6600.4,6611.352,-10.952000000000226,-0.0016565446825400048
2017-11-10,6619.6,6641.216,-21.615999999999985,-0.0032548256222956736
2017-11-13,6654.0,6671.205,-17.204999999999927,-0.0025789943495965013
2017-11-14,6591.2,6614.514,-23.314000000000306,-0.0035246731657080635
2017-11-15,6527.0,6537.656,-10.655999999999949,-0.0016299419853231722
2017-11-16,6556.0,6558.309,-2.3090000000001965,-0.0003520724625814667
2017-11-17,6323.6,6361.942,-38.34199999999964,-0.006026776100756599
2017-11-20,6389.6,6433.17,-43.56999999999971,-0.006772710809756264
2017-11-21,6418.0,6456.352,-38.35199999999986,-0.005940196569208101
2017-11-22,6375.2,6439.442,-64.24200000000019,-0.00997633024724816
2017-11-23,6208.2,6274.512,-66.3119999999999,-0.01056847130103503
2017-11-24,6227.0,6278.029,-51.02900000000045,-0.008128188002954501
2017-11-27,6136.0,6194.552,-58.55199999999968,-0.009452176686869315
2017-11-28,6262.4,6299.312,-36.91200000000026,-0.005859687534130753
2017-11-29,6273.2,6318.368,-45.168000000000575,-0.0071486814316609245
2017-11-30,6200.0,6263.421,-63.42100000000028,-0.010125616655818006
2017-12-01,6279.0,6316.407,-37.40700000000015,-0.0059221959572903
2017-12-04,6233.8,6279.621,-45.82099999999991,-0.007296777942490464
2017-12-05,6098.0,6132.912,-34.91200000000026,-0.005692564967506506
2017-12-06,6132.0,6172.803,-40.802999999999884,-0.006610125092279777
2017-12-07,6085.6,6135.47,-49.86999999999989,-0.0081281466619509
2017-12-08,6174.0,6203.143,-29.14300000000003,-0.004698102236237344
2017-12-11,6270.6,6286.166,-15.565999999999804,-0.002476231139934867
2017-12-12,6226.8,6233.212,-6.412000000000262,-0.0010286831251688955
2017-12-13,6273.8,6277.441,-3.6409999999996217,-0.0005800134162948918
2017-12-14,6284.0,6284.081,-0.08100000000013097,-1.2889712911105214e-05
2017-12-15,6233.6,6235.761,-2.161000000000058,-0.00034654952298525523
2017-12-18,6161.8,6199.989,-38.188999999999396,-0.0061595270572253275
2017-12-19,6234.0,6251.242,-17.24200000000019,-0.002758171896080841
2017-12-20,6158.4,6199.363,-40.96300000000065,-0.006607614362959653
2017-12-21,6227.0,6238.499,-11.498999999999796,-0.001843231841505432
2017-12-22,6243.2,6242.885,0.3149999999995998,5.045744075048632e-05
2017-12-25,6162.0,6185.591,-23.59100000000035,-0.003813863541899286
2017-12-26,6219.4,6220.147,-0.7470000000002983,-0.00012009362479701819
2017-12-27,6156.2,6173.153,-16.95300000000043,-0.0027462465291238415
2017-12-28,6206.0,6204.27,1.7299999999995634,0.00027884021810778116
2017-12-29,6280.8,6250.821,29.97900000000027,0.004796009996126952
2018-01-02,6345.0,6332.227,12.773000000000138,0.002017141836513463
2018-01-03,6388.2,6388.253,-0.052999999999883585,-8.296477925949956e-06
2018-01-04,6406.8,6417.535,-10.734999999999673,-0.0016727606471954844
2018-01-05,6400.8,6417.254,-16.453999999999724,-0.0025640250487201726
2018-01-08,6433.0,6446.182,-13.181999999999789,-0.002044931402805535
2018-01-09,6435.0,6445.746,-10.746000000000095,-0.0016671460526058728
2018-01-10,6406.6,6405.94,0.660000000000764,0.00010302937586064871
2018-01-11,6423.2,6425.94,-2.7399999999997817,-0.00042639676062953934
2018-01-12,6401.2,6399.374,1.8260000000000218,0.00028534040985884275
2018-01-15,6273.0,6253.376,19.623999999999796,0.003138144899650972
2018-01-16,6285.6,6301.133,-15.532999999999447,-0.002465112226642327
2018-01-17,6250.0,6267.46,-17.460000000000036,-0.002785817540119927
2018-01-18,6285.6,6286.801,-1.2010000000000218,-0.00019103515444500658
2018-01-19,6281.0,6272.38,8.61999999999989,0.0013742789818218747
2018-01-22,6348.6,6347.638,0.9620000000004438,0.0001515524357249805
2018-01-23,6345.8,6354.998,-9.19799999999941,-0.0014473647355985654
2018-01-24,6409.6,6394.3,15.300000000000182,0.002392756048355595
2018-01-25,6387.0,6382.717,4.2830000000003565,0.00067103084783492
2018-01-26,6397.0,6383.631,13.368999999999687,0.002094262653966009
2018-01-29,6312.2,6309.884,2.3159999999998035,0.0003670431976245211
2018-01-30,6302.8,6313.442,-10.641999999999825,-0.0016856098464197225
2018-01-31,6186.6,6189.341,-2.7409999999999854,-0.00044285813303871695
2018-02-01,5970.0,5984.743,-14.743000000000393,-0.002463430760518938
2018-02-02,5986.2,6004.849,-18.649000000000342,-0.0031056567783803294
2018-02-05,5979.8,5998.224,-18.423999999999978,-0.0030715758531191864
2018-02-06,5686.8,5704.264,-17.463999999999942,-0.003061569380379299
2018-02-07,5663.0,5711.332,-48.332000000000335,-0.008462474252941403
2018-02-08,5747.0,5766.48,-19.479999999999563,-0.00337814403240791
2018-02-09,5504.0,5554.897,-50.896999999999935,-0.009162546128218027
2018-02-12,5661.0,5699.098,-38.097999999999956,-0.006684917507998627
2018-02-13,5713.8,5736.951,-23.15099999999984,-0.004035418813930926
2018-02-14,5708.0,5754.834,-46.83399999999983,-0.008138201727452058
2018-02-22,5825.0,5875.727,-50.72699999999986,-0.008633314651957087
2018-02-23,5833.4,5897.677,-64.27700000000004,-0.010898697911058887
2018-02-26,6004.6,6029.68,-25.079999999999927,-0.004159424712422538
2018-02-27,5979.6,6010.557,-30.956999999999425,-0.005150437804682565
2018-02-28,5983.4,6023.677,-40.277000000000044,-0.00668644749710186
2018-03-01,6057.8,6090.225,-32.42500000000018,-0.00532410543124436
2018-03-02,6035.2,6056.335,-21.13500000000022,-0.0034897343030067226
2018-03-05,6019.2,6064.098,-44.89800000000014,-0.007403904092579002
2018-03-06,6111.8,6145.577,-33.777000000000044,-0.005496147880011924
2018-03-07,6031.0,6086.487,-55.48700000000008,-0.009116424630497047
2018-03-08,6095.4,6131.514,-36.11400000000049,-0.005889899297302508
2018-03-09,6198.8,6206.975,-8.175000000000182,-0.0013170666870738453
2018-03-12,6275.4,6295.778,-20.37800000000061,-0.003236772325834966
2018-03-13,6241.0,6254.146,-13.14599999999973,-0.002101965640072958
2018-03-14,6177.0,6189.317,-12.317000000000007,-0.0019900418737641016
2018-03-15,6172.0,6180.111,-8.110999999999876,-0.0013124359740464009
2018-03-16,6174.2,6146.306,27.894000000000233,0.004538335709286234
2018-03-19,6080.4,6153.834,-73.4340000000002,-0.011933048567770953
2018-03-20,6103.2,6173.698,-70.4980000000005,-0.01141908787893423
2018-03-21,6040.0,6129.204,-89.20399999999972,-0.014553929025693994
2018-03-22,6037.4,6101.228,-63.82800000000043,-0.01046150053726896
2018-03-23,5665.6,5787.152,-121.55199999999968,-0.021003768347539458
2018-03-26,5846.0,5902.959,-56.95899999999983,-0.009649228463216471
2018-03-27,6005.6,6034.775,-29.174999999999272,-0.004834480158746477
2018-03-28,5915.2,5973.341,-58.14100000000053,-0.009733413846622942
2018-03-29,6012.0,6034.857,-22.85699999999997,-0.0037874965388575025
2018-03-30,6101.0,6114.738,-13.738000000000284,-0.00224670296585075
2018-04-02,6075.0,6121.964,-46.96399999999994,-0.007671394343383911
2018-04-03,6023.4,6059.709,-36.3090000000002,-0.005991871886917375
2018-04-04,5976.0,6017.686,-41.685999999999694,-0.006927247450265716
2018-04-09,5981.8,6025.649,-43.84900000000016,-0.007277058454616284
2018-04-10,6048.0,6063.742,-15.74200000000019,-0.002596086706855303
2018-04-11,6055.0,6086.613,-31.613000000000284,-0.005193857404766868
2018-04-12,6022.8,6051.335,-28.534999999999854,-0.004715488400493421
2018-04-13,6010.0,6027.187,-17.186999999999898,-0.0028515790201963038
2018-04-16,5989.0,6012.405,-23.404999999999745,-0.0038927850003450774
2018-04-17,5888.0,5890.857,-2.856999999999971,-0.00048498885646009924
2018-04-18,5951.0,5970.658,-19.658000000000357,-0.003292434435199664
2018-04-19,6000.0,6004.733,-4.733000000000175,-0.000788211565776559
2018-04-20,5908.0,5880.836,27.16399999999976,0.004619071166072266
2018-04-23,5779.2,5823.921,-44.72100000000046,-0.007678847292056409
2018-04-24,5913.2,5957.193,-43.99300000000039,-0.007384853906865262
2018-04-25,5913.0,5959.422,-46.42199999999957,-0.007789681616774173
2018-04-26,5806.4,5847.977,-41.577000000000226,-0.007109638085101947
2018-04-27,5852.2,5860.984,-8.78400000000056,-0.001498724446270551
2018-05-02,5827.8,5855.323,-27.52300000000014,-0.004700509263109847
2018-05-03,5892.4,5910.606,-18.20600000000013,-0.0030802256147677803
2018-05-04,5881.0,5909.294,-28.29399999999987,-0.0047880508229916924
2018-05-07,6001.0,6019.141,-18.14099999999962,-0.003013885203885342
2018-05-08,6028.6,6041.814,-13.213999999999942,-0.002187091492720554
2018-05-09,6011.0,6029.233,-18.233000000000175,-0.0030240994169573763
2018-05-10,6036.4,6040.572,-4.17200000000048,-0.0006906630696563968
2018-05-11,5993.0,5991.342,1.6580000000003565,0.00027673265855969443
2018-05-14,5964.0,5967.554,-3.5540000000000873,-0.0005955538902538774
2018-05-15,6020.0,6020.57,-0.569999999999709,-9.467542109795402e-05
2018-05-16,6012.6,6004.07,8.530000000000655,0.0014207029564946203
2018-05-17,5975.0,5973.779,1.220999999999549,0.0002043932324914512
2018-05-18,5975.2,5995.15,-19.949999999999818,-0.003327689882655116
2018-05-21,6027.4,6072.199,-44.79899999999998,-0.007377722633925532
2018-05-22,6066.0,6092.907,-26.907000000000153,-0.0044161186113623845
2018-05-23,5992.4,6013.847,-21.447000000000116,-0.0035662696440398496
2018-05-24,5966.8,5992.621,-25.820999999999913,-0.004308799104765663
2018-05-25,5874.8,5917.798,-42.99799999999959,-0.007265878287836049
2018-05-28,5878.4,5891.263,-12.863000000000284,-0.002183402777978217
2018-05-29,5794.4,5835.446,-41.04600000000028,-0.007033909661746553
2018-05-30,5653.2,5682.588,-29.38799999999992,-0.005171587311978261
2018-05-31,5738.0,5754.475,-16.475000000000364,-0.002862989238809859
2018-06-01,5664.0,5685.116,-21.115999999999985,-0.0037142601839610634
2018-06-04,5671.0,5683.149,-12.149000000000342,-0.0021377232938992697
2018-06-05,5770.2,5779.078,-8.878000000000611,-0.0015362312119685199
2018-06-06,5765.6,5774.258,-8.657999999999447,-0.0014994134311281983
2018-06-07,5732.0,5738.018,-6.018000000000029,-0.0010487942003667519
2018-06-08,5658.6,5669.303,-10.70299999999952,-0.0018878863945002622
2018-06-11,5639.2,5632.357,6.842999999999847,0.001214944294191552
2018-06-12,5686.8,5693.346,-6.545999999999367,-0.0011497632499411362
2018-06-13,5603.0,5607.017,-4.016999999999825,-0.0007164237240585904
2018-06-14,5594.0,5586.931,7.069000000000415,0.0012652742623813352
2018-06-15,5436.6,5483.945,-47.344999999999345,-0.008633383449323314
2018-06-19,5057.8,5141.71,-83.90999999999985,-0.016319473482557332
2018-06-20,5142.2,5198.394,-56.194000000000415,-0.010809877050489134
2018-06-21,5010.0,5089.252,-79.25200000000041,-0.015572425967509646
2018-06-22,5110.8,5160.123,-49.32299999999941,-0.009558493082432224
2018-06-25,5028.8,5125.033,-96.23300000000017,-0.018777049825825544
2018-06-26,5074.4,5160.283,-85.88300000000072,-0.016643079459014304
2018-06-27,5001.0,5109.498,-108.49799999999959,-0.021234571380593474
2018-06-28,5007.2,5055.109,-47.90900000000056,-0.009477342625055276
2018-06-29,5185.4,5217.764,-32.36400000000049,-0.006202656923540522
2018-07-02,5100.0,5138.783,-38.78300000000036,-0.007547117673581538
2018-07-03,5144.0,5197.131,-53.13100000000031,-0.010223140421128563
2018-07-04,5085.4,5121.344,-35.944000000000415,-0.00701847015158529
2018-07-05,4920.2,4982.763,-62.5630000000001,-0.012555885158495417
2018-07-06,4948.0,4996.63,-48.63000000000011,-0.009732559745268333
2018-07-09,5088.0,5107.551,-19.551000000000386,-0.003827861924433135
2018-07-10,5115.0,5136.533,-21.533000000000357,-0.0041921272578216385
2018-07-11,5008.8,5036.157,-27.35699999999997,-0.005432118180588884
2018-07-12,5178.4,5172.503,5.8969999999999345,0.001140067004311053
2018-07-13,5191.0,5204.186,-13.185999999999694,-0.002533729578458513
2018-07-16,5199.2,5195.2,4.0,0.000769941484447182
2018-07-17,5184.4,5196.197,-11.79700000000048,-0.0022703142317353404
2018-07-18,5159.2,5156.636,2.563999999999396,0.0004972233836166439
2018-07-19,5119.4,5111.327,8.07299999999941,0.0015794332861112995
2018-07-20,5145.2,5175.252,-30.05200000000059,-0.00580686698927909
2018-07-23,5191.0,5214.004,-23.003999999999905,-0.004411964394350274
2018-07-24,5299.0,5304.641,-5.640999999999622,-0.0010634084380073264
2018-07-25,5297.8,5308.657,-10.856999999999971,-0.002045150025703294
2018-07-26,5261.6,5273.479,-11.878999999999905,-0.002252592643300543
2018-07-27,5230.0,5249.29,-19.289999999999964,-0.0036747826848964266
2018-07-30,5140.4,5185.151,-44.751000000000204,-0.00863060690035839
2018-07-31,5157.4,5188.717,-31.317000000000007,-0.006035596082808141
2018-08-01,5074.8,5105.374,-30.573999999999614,-0.005988591629134244
2018-08-02,4946.4,4996.012,-49.61200000000008,-0.009930320423569856
2018-08-03,4878.2,4929.75,-51.55000000000018,-0.010456919722095477
2018-08-06,4806.0,4825.251,-19.251000000000204,-0.003989637015773937
2018-08-07,4929.0,4956.872,-27.8720000000003,-0.005622900893950922
2018-08-08,4855.4,4880.569,-25.16900000000078,-0.005156980671721018
2018-08-09,4977.0,5004.773,-27.77300000000014,-0.005549302635703984
2018-08-10,5012.8,5030.515,-17.715000000000146,-0.003521508235240357
2018-08-13,5046.4,5055.275,-8.875,-0.0017555919312005777
2018-08-14,5036.8,5037.883,-1.082999999999629,-0.000214971248835995
2018-08-15,4926.0,4932.806,-6.805999999999585,-0.0013797420778355334
2018-08-16,4871.0,4888.371,-17.371000000000095,-0.0035535355233880764
2018-08-17,4738.0,4803.029,-65.02900000000045,-0.013539164556366503
2018-08-20,4783.6,4832.651,-49.050999999999476,-0.010149915646712224
2018-08-21,4825.0,4891.98,-66.97999999999956,-0.013691797595247643
2018-08-22,4806.0,4837.018,-31.01800000000003,-0.00641262860712944
2018-08-23,4826.2,4863.665,-37.465000000000146,-0.007703038757809213
2018-08-24,4809.4,4852.289,-42.889000000000124,-0.008838921177201137
2018-08-27,4931.4,4960.066,-28.666000000000167,-0.005779358581115689
2018-08-28,4936.8,4974.207,-37.40700000000015,-0.00752019367107162
2018-08-29,4918.2,4941.961,-23.761000000000422,-0.0048080104233927425
2018-08-30,4846.0,4867.121,-21.121000000000095,-0.0043395263853107605
2018-08-31,4783.4,4814.824,-31.423999999999978,-0.006526510626348955
2018-09-03,4819.6,4838.873,-19.27299999999923,-0.00398295222875228
2018-09-04,4857.6,4890.281,-32.680999999999585,-0.00668284705929978
2018-09-05,4785.0,4815.034,-30.03399999999965,-0.00623754681690714
2018-09-06,4767.8,4793.345,-25.545000000000073,-0.005329263802209119
2018-09-07,4765.0,4791.778,-26.778000000000247,-0.0055883223304585995
2018-09-10,4684.2,4704.878,-20.677999999999884,-0.004395013005650706
2018-09-11,4694.4,4702.903,-8.503000000000611,-0.0018080321877786147
2018-09-12,4675.0,4693.974,-18.97400000000016,-0.004042203898019068
2018-09-13,4718.0,4721.212,-3.212000000000444,-0.0006803337786992924
2018-09-14,4654.4,4670.08,-15.680000000000291,-0.0033575441962450945
2018-09-17,4602.8,4602.39,0.4099999999998545,8.908414975694247e-05
2018-09-18,4679.4,4683.506,-4.106000000000677,-0.000876693656419075
2018-09-19,4734.4,4736.893,-2.493000000000393,-0.0005262943452597289
2018-09-20,4743.6,4733.481,10.119000000000597,0.002137750209623868
2018-09-21,4827.8,4805.215,22.585000000000036,0.0047001018684908035
2018-09-25,4793.2,4792.551,0.6489999999994325,0.00013541848589601496
2018-09-26,4800.0,4815.631,-15.631000000000313,-0.003245888233546198
2018-09-27,4764.6,4755.38,9.220000000000255,0.001938856621342617
2018-09-28,4820.4,4800.729,19.670999999999367,0.004097502691778554
2018-10-08,4654.8,4646.493,8.306999999999789,0.0017877999600988935
2018-10-09,4624.8,4634.894,-10.094000000000051,-0.0021778275835434534
2018-10-10,4639.2,4629.888,9.311999999999898,0.002011279754499439
2018-10-11,4258.2,4307.421,-49.22100000000046,-0.01142702326984069
2018-10-12,4267.2,4278.035,-10.835000000000036,-0.002532704851643345
2018-10-15,4178.4,4199.153,-20.75300000000061,-0.004942187150599325
2018-10-16,4100.4,4099.683,0.7169999999996435,0.00017489157088478388
2018-10-17,4120.6,4133.383,-12.782999999999447,-0.0030926241289518652
2018-10-18,4033.2,4018.461,14.739000000000033,0.003667822084126245
2018-10-19,4091.4,4127.985,-36.58499999999958,-0.008862677553334032
2018-10-22,4317.6,4333.145,-15.545000000000073,-0.0035874636089953307
2018-10-23,4219.6,4253.556,-33.95599999999922,-0.00798296766282123
2018-10-24,4209.8,4245.488,-35.6880000000001,-0.00840610078276045
2018-10-25,4226.0,4234.421,-8.421000000000276,-0.0019887016430346145
2018-10-26,4199.8,4233.959,-34.15899999999965,-0.008067862726115121
2018-10-29,4156.0,4162.526,-6.52599999999984,-0.0015677980149553037
2018-10-30,4189.6,4204.542,-14.942000000000007,-0.0035537758928320864
2018-10-31,4252.0,4272.552,-20.55199999999968,-0.004810239875371834
2018-11-01,4280.0,4298.984,-18.98400000000038,-0.004415927112080524
2018-11-02,4436.0,4437.946,-1.9459999999999127,-0.0004384911398200683
2018-11-05,4430.2,4440.827,-10.627000000000407,-0.002393022741034588
2018-11-06,4439.2,4438.097,1.1030000000000655,0.0002485299442531485
2018-11-07,4388.4,4415.136,-26.736000000000786,-0.006055532604205348
2018-11-08,4370.8,4382.329,-11.528999999999542,-0.00263079289574095
2018-11-09,4368.8,4368.614,0.1860000000006039,4.2576432708544153e-05
2018-11-12,4487.2,4481.688,5.511999999999716,0.0012298937364670893
2018-11-13,4571.0,4563.535,7.4650000000001455,0.0016357933049708495
2018-11-14,4552.6,4545.509,7.091000000000349,0.0015600013111843687
2018-11-15,4620.0,4619.814,0.1859999999996944,4.0261361171617387e-05
2018-11-16,4647.8,4659.097,-11.29699999999957,-0.0024247187813431596
2018-11-19,4659.4,4670.737,-11.337000000000444,-0.0024272400693938546
2018-11-20,4520.0,4537.449,-17.448999999999614,-0.0038455528646161347
2018-11-21,4536.2,4554.675,-18.475000000000364,-0.0040562718525471875
2018-11-22,4523.0,4551.326,-28.326000000000022,-0.006223680747105354
2018-11-23,4328.2,4374.764,-46.564000000000306,-0.010643774155588806
2018-11-26,4315.8,4367.462,-51.66200000000026,-0.01182883789257932
2018-11-27,4344.2,4387.652,-43.452000000000226,-0.009903246656754051
2018-11-28,4398.0,4441.857,-43.85699999999997,-0.009873573147447108
2018-11-29,4312.2,4345.703,-33.50300000000061,-0.00770945460377771
2018-11-30,4328.2,4376.651,-48.45100000000002,-0.011070336656955289
2018-12-03,4472.0,4515.174,-43.17399999999998,-0.00956197922826451
2018-12-04,4514.6,4536.21,-21.609999999999673,-0.004763888797035339
2018-12-05,4470.0,4502.702,-32.702000000000226,-0.007262750233082319
2018-12-06,4388.2,4411.088,-22.88799999999992,-0.005188742550590675
2018-12-07,4386.0,4410.959,-24.958999999999833,-0.005658406709289257
2018-12-10,4336.6,4359.312,-22.711999999999534,-0.005209996439805073
2018-12-11,4387.2,4395.57,-8.36999999999989,-0.0019041899002859451
2018-12-12,4371.8,4393.324,-21.523999999999432,-0.004899251682780381
2018-12-13,4430.2,4443.157,-12.957000000000335,-0.0029161697414699355
2018-12-14,4329.6,4337.103,-7.502999999999702,-0.001729956609284977
2018-12-17,4321.2,4330.647,-9.447000000000116,-0.0021814292414043712
2018-12-18,4295.2,4307.268,-12.068000000000211,-0.00280177597493358
2018-12-19,4236.2,4247.899,-11.699000000000524,-0.002754067363654485
2018-12-20,4264.0,4259.761,4.238999999999578,0.000995126252388239
2018-12-21,4206.0,4231.144,-25.144000000000233,-0.005942600866337858
2018-12-24,4255.0,4274.722,-19.721999999999753,-0.004613633354402872
2018-12-25,4195.2,4225.512,-30.311999999999898,-0.007173568552165962
2018-12-26,4189.0,4208.405,-19.404999999999745,-0.004611010584770179
2018-12-27,4131.0,4161.27,-30.270000000000437,-0.0072742215717798734
2018-12-28,4120.4,4168.036,-47.63600000000042,-0.011428884011558543
2019-01-02,4096.8,4131.957,-35.15700000000015,-0.008508559019370277
2019-01-03,4086.6,4112.807,-26.20699999999988,-0.006372047120129848
2019-01-04,4207.8,4210.879,-3.0789999999997235,-0.0007312012527550004
2019-01-07,4268.6,4288.323,-19.722999999999956,-0.0045992337797316
2019-01-08,4270.8,4277.297,-6.496999999999389,-0.0015189499349704707
2019-01-09,4273.8,4288.772,-14.971999999999753,-0.0034909759716766835
2019-01-10,4277.4,4281.861,-4.46100000000024,-0.001041836715390864
2019-01-11,4312.0,4314.876,-2.8760000000002037,-0.0006665313209464661
2019-01-14,4290.2,4286.547,3.6530000000002474,0.000852201083996104
2019-01-15,4351.4,4347.356,4.043999999999869,0.0009302205754485874
2019-01-16,4341.0,4336.878,4.122000000000298,0.0009504532984327201
2019-01-17,4307.4,4303.731,3.668999999999869,0.000852516107535501
2019-01-18,4330.0,4347.811,-17.810999999999694,-0.004096544215008356
2019-01-21,4360.0,4373.633,-13.63299999999981,-0.0031170882422004343
2019-01-22,4294.2,4308.252,-14.05200000000059,-0.003261647647352241
2019-01-23,4302.6,4315.685,-13.085000000000036,-0.0030319636396076255
2019-01-24,4330.8,4338.17,-7.369999999999891,-0.0016988730271058742
2019-01-25,4310.0,4318.442,-8.442000000000007,-0.0019548716875206398
2019-01-28,4291.6,4307.22,-15.61999999999989,-0.003626469044998837
2019-01-29,4242.4,4254.288,-11.88799999999992,-0.0027943571286193885
2019-01-30,4201.8,4211.624,-9.823999999999614,-0.002332591893293327
2019-01-31,4183.6,4176.474,7.126000000000204,0.0017062239582959701
2019-02-01,4313.2,4294.27,18.92999999999938,0.004408199763871247
2019-02-11,4406.8,4402.867,3.9329999999999927,0.0008932815822054113
2019-02-12,4433.4,4439.485,-6.085000000000036,-0.001370654479066837
2019-02-13,4512.0,4512.409,-0.40899999999965075,-9.063894695708009e-05
2019-02-14,4533.8,4532.17,1.6300000000001091,0.00035965111635267636
2019-02-15,4502.6,4502.735,-0.13499999999930878,-2.9981777741596785e-05
2019-02-18,4677.0,4660.999,16.001000000000204,0.003432955038179627
2019-02-19,4659.0,4667.284,-8.28399999999965,-0.001774908062161988
2019-02-20,4652.0,4667.624,-15.623999999999796,-0.0033473133225812098
2019-02-21,4662.0,4659.143,2.856999999999971,0.0006132029001900073
2019-02-22,4804.8,4777.298,27.502000000000407,0.005756810649032237
2019-02-25,5123.0,5044.347,78.65300000000025,0.01559230560466999
2019-02-26,5063.2,5038.544,24.65599999999995,0.004893477163243975
2019-02-27,5017.4,5017.884,-0.48400000000037835,-9.645499975694503e-05
2019-02-28,5034.6,5025.291,9.309000000000196,0.001852430038379906
2019-03-01,5081.2,5067.225,13.974999999999454,0.00275791976870959
2019-03-04,5144.4,5158.247,-13.847000000000662,-0.002684439112745214
2019-03-05,5298.8,5295.288,3.5120000000006257,0.0006632311594762412
2019-03-06,5400.0,5390.029,9.970999999999549,0.001849897282556281
2019-03-07,5442.4,5458.615,-16.215000000000146,-0.0029705337342897688
2019-03-08,5296.4,5245.7,50.69999999999982,0.009665059000705306
2019-03-11,5448.8,5456.381,-7.581000000000131,-0.0013893824496493427
2019-03-12,5546.2,5551.003,-4.802999999999884,-0.0008652490369758193
2019-03-13,5403.6,5424.864,-21.263999999999214,-0.003919729600594451
2019-03-14,5289.6,5298.502,-8.902000000000044,-0.0016800975068047615
2019-03-15,5351.2,5359.009,-7.8090000000001965,-0.0014571723988521378
2019-03-18,5513.8,5501.183,12.61700000000019,0.002293506687561601
2019-03-19,5487.4,5522.18,-34.780000000000655,-0.006298237290345597
2019-03-20,5470.0,5515.786,-45.78600000000006,-0.008300902174232296
2019-03-21,5541.4,5589.478,-48.07800000000043,-0.008601518782254878
2019-03-22,5611.2,5622.14,-10.94000000000051,-0.0019458782598797805
2019-03-25,5518.6,5549.671,-31.070999999999913,-0.005598710265887818
2019-03-26,5358.0,5394.879,-36.878999999999905,-0.006835927182055409
2019-03-27,5391.6,5447.88,-56.279999999999745,-0.010330624022555517
2019-03-28,5318.6,5370.123,-51.52299999999923,-0.009594379868021502
2019-03-29,5534.4,5547.656,-13.256000000000313,-0.002389477646054534
2019-04-01,5766.0,5757.838,8.162000000000262,0.0014175459608277035
2019-04-02,5746.6,5775.55,-28.949999999999818,-0.005012509631117351
2019-04-03,5828.6,5836.037,-7.436999999999898,-0.0012743236549048434
2019-04-04,5882.6,5871.558,11.042000000000371,0.0018805911480394763
2019-04-08,5800.8,5847.63,-46.82999999999993,-0.008008372622754847
2019-04-09,5836.8,5858.046,-21.246000000000095,-0.003626806617769832
2019-04-10,5818.8,5850.761,-31.96100000000024,-0.0054627081844567296
2019-04-11,5721.2,5727.175,-5.975000000000364,-0.001043271770113601
2019-04-12,5701.2,5714.368,-13.168000000000575,-0.002304366817117934
2019-04-15,5609.0,5655.983,-46.983000000000175,-0.008306778857008618
2019-04-16,5759.2,5777.011,-17.811000000000604,-0.0030830822375101244
2019-04-17,5772.4,5807.729,-35.32900000000063,-0.006083100640543081
2019-04-18,5765.2,5775.171,-9.971000000000458,-0.0017265289633848864
2019-04-19,5781.2,5810.18,-28.980000000000473,-0.004987797279946657
2019-04-22,5677.0,5723.042,-46.04200000000037,-0.00804502221021624
2019-04-23,5552.8,5628.062,-75.26199999999972,-0.013372631644782825
2019-04-24,5627.0,5679.726,-52.72599999999966,-0.009283194294935999
2019-04-25,5411.2,5458.419,-47.21900000000005,-0.008650673390958088
2019-04-26,5375.2,5408.031,-32.83100000000013,-0.006070786206661931
2019-04-29,5258.8,5265.601,-6.800999999999476,-0.0012915904566258394
2019-04-30,5267.2,5307.56,-40.36000000000058,-0.007604247526170327
2019-05-06,4810.0,4908.798,-98.79799999999977,-0.02012671941277677
2019-05-07,4906.0,4973.404,-67.40400000000045,-0.013552890535335647
2019-05-08,4873.2,4947.742,-74.54200000000037,-0.015065862367116226
2019-05-09,4842.8,4888.413,-45.612999999999374,-0.009330840090638696
2019-05-10,5018.0,5064.323,-46.32300000000032,-0.009146928424589095
2019-05-13,4938.4,5005.904,-67.50400000000081,-0.013484877057171054
2019-05-14,4938.8,4965.612,-26.811999999999898,-0.00539953584774644
2019-05-15,5046.2,5076.555,-30.355000000000473,-0.0059794486615432066
2019-05-16,5091.4,5108.359,-16.959000000000742,-0.0033198528137902486
2019-05-17,4824.8,4942.579,-117.77899999999954,-0.023829462311072733
2019-05-20,4825.0,4923.559,-98.5590000000002,-0.020017836690897822
2019-05-21,4903.6,5009.873,-106.27299999999923,-0.02121271337616727
2019-05-22,4889.8,4976.393,-86.59299999999985,-0.017400755929043353
2019-05-23,4788.2,4872.92,-84.72000000000025,-0.017385879513720778
2019-05-24,4772.6,4841.757,-69.15699999999924,-0.014283451234747892
2019-05-27,4903.0,4962.947,-59.947000000000116,-0.01207891198515723
2019-05-28,4888.8,4955.486,-66.6859999999997,-0.013457005024330549
2019-05-29,4866.0,4956.864,-90.86399999999958,-0.018330944726343022
2019-05-30,4868.6,4926.403,-57.802999999999884,-0.0117333072426271
2019-05-31,4808.8,4912.001,-103.20100000000002,-0.021009971292758292
2019-06-03,4788.0,4853.815,-65.8149999999996,-0.0135594372673865
2019-06-04,4746.8,4795.413,-48.612999999999374,-0.010137395882273201
2019-06-05,4721.8,4783.825,-62.024999999999636,-0.012965566257126806
2019-06-06,4611.8,4678.784,-66.98399999999947,-0.014316540366043714
2019-06-10,4658.0,4725.264,-67.26400000000012,-0.014234971844959376
2019-06-11,4876.6,4901.472,-24.87199999999939,-0.0050743939779722075
2019-06-12,4816.4,4863.492,-47.09200000000055,-0.009682754695597434
2019-06-13,4838.6,4877.651,-39.050999999999476,-0.008006107858065178
2019-06-14,4769.2,4795.527,-26.327000000000226,-0.005489907574287503
2019-06-17,4792.8,4802.819,-10.019000000000233,-0.0020860665371733207
2019-06-18,4790.8,4797.147,-6.346999999999753,-0.0013230780711951818
2019-06-19,4855.0,4858.916,-3.9160000000001673,-0.000805941078215834
2019-06-20,4954.2,4954.734,-0.5340000000005602,-0.00010777571510409241
2019-06-21,4975.0,5021.305,-46.30500000000029,-0.009221706309415637
2019-06-24,4974.6,5024.205,-49.60499999999956,-0.009873203820305812
2019-06-25,4920.8,4974.988,-54.1880000000001,-0.010892086573877182
2019-06-26,4916.2,4962.594,-46.39400000000023,-0.009348739792132951
2019-06-27,4957.2,5007.483,-50.28300000000036,-0.010041571783668633
2019-06-28,4920.0,4950.48,-30.479999999999563,-0.006156978717215213
2019-07-01,5050.0,5100.262,-50.261999999999716,-0.009854787852074996
2019-07-02,5033.4,5084.41,-51.01000000000022,-0.010032629154611885
2019-07-03,5004.6,5040.723,-36.12299999999959,-0.007166233891447634
2019-07-04,4984.0,5025.021,-41.02099999999973,-0.008163348969088833
2019-07-05,5017.0,5042.66,-25.659999999999854,-0.005088584199608908
2019-07-08,4821.6,4870.781,-49.180999999999585,-0.010097148691349414
2019-07-09,4829.4,4881.624,-52.22400000000016,-0.010698079163819287
2019-07-10,4809.8,4843.865,-34.0649999999996,-0.007032607225841266
2019-07-11,4800.6,4844.547,-43.94699999999921,-0.009071436400554935
2019-07-12,4843.0,4861.568,-18.56800000000021,-0.0038193438824675927
2019-07-15,4906.0,4925.324,-19.323999999999614,-0.003923396714611996
2019-07-16,4921.2,4932.046,-10.846000000000458,-0.0021990873564440515
2019-07-17,4911.4,4929.085,-17.6850000000004,-0.0035878870013400866
2019-07-18,4848.2,4844.109,4.09099999999944,0.0008445309550217469
2019-07-19,4881.4,4878.69,2.7100000000000364,0.0005554769825506513
2019-07-22,4733.2,4776.575,-43.375,-0.009080774404254095
2019-07-23,4776.4,4823.918,-47.51800000000003,-0.009850499117107718
2019-07-24,4820.4,4873.027,-52.62700000000041,-0.010799652864636376
2019-07-25,4846.4,4891.643,-45.24300000000039,-0.009249039637602416
2019-07-26,4859.2,4898.11,-38.909999999999854,-0.007943880394682818
2019-07-29,4844.0,4897.018,-53.01800000000003,-0.010826588752583721
2019-07-30,4877.6,4922.918,-45.3179999999993,-0.009205515915560509
2019-07-31,4874.0,4903.203,-29.20300000000043,-0.005955902702784369
2019-08-01,4841.0,4870.469,-29.46900000000005,-0.006050546672199341
2019-08-02,4779.2,4809.92,-30.720000000000255,-0.006386800612068445
2019-08-05,4725.0,4751.985,-26.984999999999673,-0.005678679541286362
2019-08-06,4626.8,4650.563,-23.76299999999992,-0.005109703921869227
2019-08-07,4591.6,4626.364,-34.763999999999214,-0.007514324424104808
2019-08-08,4616.6,4656.101,-39.500999999999294,-0.008483707720257635
2019-08-09,4570.6,4600.353,-29.7529999999997,-0.006467547164315369
2019-08-12,4665.8,4685.045,-19.24499999999989,-0.004107751366315562
2019-08-13,4646.8,4658.388,-11.587999999999738,-0.0024875557810984696
2019-08-14,4672.0,4683.84,-11.840000000000146,-0.002527840404454496
2019-08-15,4701.8,4706.55,-4.75,-0.0010092318152362134
2019-08-16,4664.8,4722.663,-57.862999999999374,-0.012252197541937543
2019-08-19,4853.8,4875.036,-21.235999999999876,-0.004356070396198074
2019-08-20,4831.8,4872.606,-40.805999999999585,-0.008374574098541846
2019-08-21,4842.8,4882.721,-39.92099999999937,-0.008175974011212062
2019-08-22,4837.2,4887.914,-50.71399999999994,-0.01037538712833326
2019-08-23,4841.8,4887.902,-46.10199999999986,-0.009431858494707925
2019-08-26,4815.0,4855.458,-40.45799999999963,-0.008332478625085344
2019-08-27,4874.4,4936.124,-61.72400000000016,-0.012504548102924513
2019-08-28,4885.8,4928.194,-42.39400000000023,-0.008602339924118293
2019-08-29,4891.2,4934.184,-42.98400000000038,-0.008711470832867274
2019-08-30,4859.0,4886.494,-27.493999999999687,-0.005626528959208727
2019-09-02,4977.4,5008.296,-30.89600000000064,-0.006168964454177756
2019-09-03,5004.0,5044.181,-40.180999999999585,-0.007965812487696138
2019-09-04,5098.0,5093.266,4.734000000000378,0.0009294625491777532
2019-09-05,5125.8,5138.405,-12.604999999999563,-0.002453095853674353
2019-09-06,5151.4,5154.638,-3.2380000000002838,-0.0006281721432233037
2019-09-09,5248.6,5263.459,-14.858999999999469,-0.002823048493395592
2019-09-10,5236.4,5245.305,-8.905000000000655,-0.0016977087128395116
2019-09-11,5218.0,5217.291,0.7089999999998327,0.00013589427923415287
2019-09-12,5240.2,5242.612,-2.412000000000262,-0.0004600760079136625
2019-09-16,5237.4,5250.34,-12.94000000000051,-0.002464602292423064
2019-09-17,5130.0,5140.45,-10.449999999999818,-0.0020328959526889315
2019-09-18,5130.8,5141.038,-10.237999999999374,-0.001991426634076499
2019-09-19,5185.6,5191.669,-6.068999999999505,-0.001168988238656876
2019-09-20,5147.4,5204.485,-57.085000000000036,-0.01096842434938328
2019-09-23,5139.4,5171.484,-32.08400000000074,-0.0062040219016438495
2019-09-24,5127.2,5180.742,-53.54200000000037,-0.010334813044154751
2019-09-25,5047.6,5087.009,-39.40899999999965,-0.007746988456281413
2019-09-26,4953.2,4970.24,-17.039999999999964,-0.003428405871748641
2019-09-27,4978.6,5005.63,-27.029999999999745,-0.005399919690428526
2019-09-30,4894.0,4940.903,-46.90300000000025,-0.009492799190755262
2019-10-08,4916.6,4941.761,-25.161000000000058,-0.005091504829958401
2019-10-09,4959.8,4982.954,-23.15399999999954,-0.004646641329620852
2019-10-10,5023.2,5046.359,-23.15900000000056,-0.004589249397436956
2019-10-11,5055.6,5055.517,0.08300000000053842,1.6417707625261357e-05
2019-10-14,5103.0,5131.131,-28.131000000000313,-0.005482417034373184
2019-10-15,5051.8,5061.003,-9.20299999999952,-0.0018184142550398646
2019-10-16,5021.0,5038.356,-17.355999999999767,-0.0034447744462677444
2019-10-17,5028.2,5029.854,-1.654000000000451,-0.00032883658253310156
2019-10-18,4976.2,4961.807,14.393000000000029,0.0029007577279809614
2019-10-21,4902.6,4951.035,-48.43499999999949,-0.009782802989677814
2019-10-22,4954.8,5005.553,-50.7529999999997,-0.01013933924982908
2019-10-23,4923.0,4967.195,-44.19499999999971,-0.00889737568184855
2019-10-24,4924.0,4958.247,-34.2470000000003,-0.00690707824761459
2019-10-25,4974.2,4994.568,-20.368000000000393,-0.004078030372196432
2019-10-28,5046.4,5084.468,-38.06800000000021,-0.007487115662838317
2019-10-29,4979.6,5007.713,-28.112999999999374,-0.00561393993625421
2019-10-30,4916.0,4947.895,-31.895000000000437,-0.006446175595884803
2019-10-31,4892.8,4917.417,-24.61700000000019,-0.005006083478379032
2019-11-01,4948.2,4962.35,-14.150000000000546,-0.0028514715810050773
2019-11-04,4957.8,4987.836,-30.036000000000058,-0.006021849956574366
2019-11-05,4998.2,5025.303,-27.103000000000065,-0.005393306632455807
2019-11-06,4955.4,4974.734,-19.334000000000742,-0.00388643895331906
2019-11-07,4990.4,5007.067,-16.66700000000037,-0.0033286952221730547
2019-11-08,4970.8,4988.294,-17.493999999999687,-0.0035070106132476728
2019-11-11,4862.0,4876.159,-14.15899999999965,-0.002903719915613837
2019-11-12,4867.4,4881.614,-14.213999999999942,-0.002911741895201043
2019-11-13,4872.2,4875.543,-3.342999999999847,-0.000685667216964315
2019-11-14,4903.0,4912.108,-9.108000000000175,-0.0018541937595834973
2019-11-15,4820.4,4868.437,-48.03700000000026,-0.009867027138278726
2019-11-18,4855.0,4892.461,-37.46100000000024,-0.0076568827017732466
2019-11-19,4943.6,4975.113,-31.51299999999992,-0.006334127486149544
2019-11-20,4900.4,4946.276,-45.876000000000204,-0.009274856477883604
2019-11-21,4917.0,4945.719,-28.71900000000005,-0.005806840218783164
2019-11-22,4853.0,4904.083,-51.08299999999963,-0.010416422397418567
2019-11-25,4874.4,4901.502,-27.10200000000077,-0.005529325500632412
2019-11-26,4853.2,4882.162,-28.962000000000444,-0.005932207902974224
2019-11-27,4880.2,4904.257,-24.05699999999979,-0.00490533020598223
2019-11-28,4875.8,4889.26,-13.460000000000036,-0.002752972842516053
2019-11-29,4881.0,4894.942,-13.942000000000007,-0.0028482462100674548
2019-12-02,4896.0,4905.421,-9.421000000000276,-0.0019205283297805175
2019-12-03,4924.8,4926.455,-1.6549999999997453,-0.00033594136148604734
2019-12-04,4911.8,4920.668,-8.867999999999483,-0.0018021943362160348
2019-12-05,4960.2,4967.602,-7.402000000000044,-0.0014900549601195997
2019-12-06,5015.6,5010.51,5.0900000000001455,0.0010158646525004731
2019-12-09,5025.6,5024.604,0.9960000000000946,0.00019822457650395822
2019-12-10,5050.2,5049.051,1.1489999999994325,0.00022756751714320816
2019-12-11,5031.6,5027.278,4.322000000000116,0.0008597097673930338
2019-12-12,5017.8,5012.001,5.798999999999978,0.0011570229136027663
2019-12-13,5093.0,5073.686,19.314000000000306,0.00380669990220134
2019-12-16,5164.4,5166.039,-1.6390000000001237,-0.00031726434895286773
2019-12-17,5245.0,5236.062,8.938000000000102,0.001707008052998628
2019-12-18,5244.4,5235.125,9.274999999999636,0.0017716864449272246
2019-12-19,5250.6,5241.738,8.86200000000008,0.0016906606167649127
2019-12-20,5204.6,5184.675,19.925000000000182,0.003843056700757556
2019-12-23,5074.2,5084.351,-10.15099999999984,-0.001996518336361876
2019-12-24,5143.2,5162.07,-18.86999999999989,-0.003655510289476875
2019-12-25,5167.8,5183.099,-15.298999999999978,-0.0029517090065229274
2019-12-26,5202.8,5219.14,-16.340000000000146,-0.0031307839988963977
2019-12-27,5163.6,5179.193,-15.592999999999847,-0.003010700701827456
2019-12-30,5245.0,5241.938,3.061999999999898,0.0005841351042305151
2019-12-31,5269.8,5267.662,2.13799999999992,0.00040587266229304765
2020-01-02,5361.8,5366.138,-4.337999999999738,-0.000808402616555843
2020-01-03,5378.0,5380.637,-2.6369999999997162,-0.0004900906714204502
2020-01-06,5433.0,5434.85,-1.8500000000003638,-0.00034039577909240616
2020-01-07,5501.0,5499.84,1.1599999999998545,0.00021091522662474807
2020-01-08,5433.6,5423.797,9.803000000000793,0.0018074054025253516
2020-01-09,5498.0,5497.543,0.4570000000003347,8.312804465564612e-05
2020-01-10,5468.0,5480.228,-12.228000000000065,-0.0022312940264529258
2020-01-13,5571.2,5559.627,11.57299999999941,0.00208161446802086
2020-01-14,5543.6,5542.332,1.268000000000029,0.00022878456216625584
2020-01-15,5523.6,5530.027,-6.42699999999968,-0.0011622004738855126
2020-01-16,5538.4,5527.668,10.731999999999971,0.0019415058936245759
2020-01-17,5515.0,5510.045,4.954999999999927,0.0008992667029035021
2020-01-20,5598.8,5587.536,11.264000000000124,0.0020159154231847677
2020-01-21,5516.6,5523.942,-7.3419999999996435,-0.0013291232963705346
2020-01-22,5580.8,5575.513,5.287000000000262,0.0009482535508392254
2020-01-23,5346.4,5377.741,-31.34100000000035,-0.005827911756999891
2020-02-03,4805.4,4910.901,-105.5010000000002,-0.021483023176398833
2020-02-04,4953.0,4996.474,-43.47400000000016,-0.008700935899996709
2020-02-05,5064.4,5123.962,-59.56200000000081,-0.011624207985929795
2020-02-06,5250.4,5282.892,-32.49200000000019,-0.0061504191264936305
2020-02-07,5300.4,5327.037,-26.637000000000626,-0.005000340714735156
2020-02-10,5326.4,5388.435,-62.035000000000764,-0.011512619155654798
2020-02-11,5316.4,5361.277,-44.87700000000041,-0.008370580367326741
2020-02-12,5437.0,5459.946,-22.945999999999913,-0.004202605666795956
2020-02-13,5392.0,5412.842,-20.841999999999643,-0.003850472635262519
2020-02-14,5405.6,5420.803,-15.20299999999952,-0.002804566039385589
2020-02-17,5595.6,5594.437,1.1630000000004657,0.00020788508298519862
2020-02-18,5628.6,5660.814,-32.21399999999994,-0.005690701019323359
2020-02-19,5603.8,5603.263,0.5370000000002619,9.583701496793242e-05
2020-02-20,5667.8,5706.713,-38.912999999999556,-0.006818811459416227
2020-02-21,5775.0,5784.032,-9.032000000000153,-0.0015615404617402105
2020-02-24,5806.0,5865.467,-59.46699999999964,-0.010138493661288973
2020-02-25,5852.6,5897.722,-45.12199999999939,-0.007650750577934903
2020-02-26,5715.4,5743.393,-27.993000000000393,-0.00487394820448477
2020-02-27,5710.0,5753.728,-43.728000000000065,-0.007599942159240073
2020-02-28,5383.0,5451.29,-68.28999999999996,-0.012527310049547899
2020-03-02,5598.6,5656.419,-57.818999999999505,-0.010221838233695118
2020-03-03,5620.4,5710.024,-89.6240000000007,-0.01569590600669992
2020-03-04,5658.4,5716.511,-58.111000000000786,-0.010165466313281087
2020-03-05,5728.6,5801.12,-72.51999999999953,-0.01250103428303492
2020-03-06,5681.0,5763.86,-82.85999999999967,-0.01437578289549012
2020-03-09,5468.4,5525.817,-57.41700000000037,-0.010390680690294371
2020-03-10,5635.2,5675.111,-39.91100000000006,-0.007032637775719287
2020-03-11,5525.0,5589.531,-64.53099999999995,-0.011544975777037456
2020-03-12,5477.0,5493.884,-16.884000000000015,-0.0030732356198274326
2020-03-13,5447.0,5457.201,-10.201000000000022,-0.0018692732776381192
2020-03-16,5148.8,5200.114,-51.313999999999396,-0.009867860589210044
2020-03-17,5165.4,5212.062,-46.66200000000026,-0.008952694730032042
2020-03-18,5087.4,5119.472,-32.072000000000116,-0.006264708548069042
2020-03-19,5147.4,5157.824,-10.423999999999978,-0.0020210073085083903
2020-03-20,5166.8,5219.281,-52.48099999999977,-0.010055216417740253
2020-03-23,4964.2,4998.91,-34.710000000000036,-0.006943513685983552
2020-03-24,5030.0,5096.041,-66.04100000000017,-0.012959275641620655
2020-03-25,5141.6,5217.424,-75.82399999999961,-0.014532842260855092
2020-03-26,5089.0,5166.109,-77.10900000000038,-0.014925933618512573
2020-03-27,5053.6,5137.337,-83.73700000000008,-0.016299689897703824
2020-03-30,4975.2,5027.486,-52.28600000000006,-0.01040002896079672
2020-03-31,4958.8,5041.453,-82.65300000000025,-0.01639467828024981
2020-04-01,4950.4,5019.219,-68.81900000000041,-0.01371109728425885
2020-04-02,5130.4,5147.202,-16.80200000000059,-0.003264297767991345
2020-04-03,5061.6,5107.039,-45.438999999999396,-0.00889732778621808
2020-04-07,5213.0,5267.073,-54.07300000000032,-0.010266233257067126
2020-04-08,5229.2,5271.796,-42.59600000000046,-0.008079978815568822
2020-04-09,5273.2,5322.461,-49.26100000000042,-0.009255305017735296
2020-04-10,5195.8,5208.51,-12.710000000000036,-0.002440237227153262
2020-04-13,5139.8,5169.176,-29.376000000000204,-0.00568291735471963
2020-04-14,5262.0,5288.593,-26.592999999999847,-0.005028369549330011
2020-04-15,5251.4,5268.75,-17.350000000000364,-0.0032930011862396893
2020-04-16,5308.4,5316.971,-8.570999999999913,-0.0016120080399159434
2020-04-17,5251.8,5318.455,-66.65499999999975,-0.012532775025829822
2020-04-20,5295.2,5381.786,-86.58600000000024,-0.016088711071008812
2020-04-21,5255.8,5343.881,-88.08100000000013,-0.01648259008761612
2020-04-22,5319.0,5387.623,-68.62299999999959,-0.01273715699855012
2020-04-23,5282.6,5357.79,-75.1899999999996,-0.014033771387083033
2020-04-24,5216.2,5273.547,-57.34699999999975,-0.010874464568154937
2020-04-27,5202.8,5265.725,-62.92500000000018,-0.011949921425824588
2020-04-28,5162.2,5227.846,-65.64599999999973,-0.01255698809796611
2020-04-29,5188.2,5226.812,-38.61200000000008,-0.007387294587982135
2020-04-30,5332.0,5353.86,-21.859999999999673,-0.004083035417437078
2020-05-06,5413.6,5451.316,-37.71599999999944,-0.006918696329473368
2020-05-07,5402.6,5445.752,-43.152000000000044,-0.00792397450342947
2020-05-08,5479.8,5507.697,-27.896999999999935,-0.00506509345012987
2020-05-11,5468.2,5496.192,-27.99200000000019,-0.005092980740119739
2020-05-12,5486.0,5512.464,-26.463999999999942,-0.0048007569754650445
2020-05-13,5519.0,5536.28,-17.279999999999745,-0.003121229417587215
2020-05-14,5490.4,5487.107,3.2929999999996653,0.0006001340961639103
2020-05-15,5404.6,5507.934,-103.33399999999983,-0.018760936496334167
2020-05-18,5389.4,5478.822,-89.42200000000048,-0.016321391715226462
2020-05-19,5454.2,5547.876,-93.67600000000039,-0.016885020501539758
2020-05-20,5410.2,5489.702,-79.50200000000041,-0.01448202470735213
2020-05-21,5343.2,5426.175,-82.97500000000036,-0.015291618865959974
2020-05-22,5267.8,5328.227,-60.42699999999968,-0.011340920722784462
2020-05-25,5254.6,5316.604,-62.003999999999905,-0.011662331819334279
2020-05-26,5343.6,5420.213,-76.61299999999937,-0.014134684374949726
2020-05-27,5301.4,5369.499,-68.09900000000016,-0.01268256125943969
2020-05-28,5282.6,5361.167,-78.56700000000001,-0.014654831681236567
2020-05-29,5318.8,5406.34,-87.53999999999996,-0.016192100385843282
2020-06-01,5524.2,5569.48,-45.279999999999745,-0.008130022910576885
2020-06-02,5523.0,5566.444,-43.444000000000415,-0.0078046235621880705
2020-06-03,5512.0,5572.313,-60.3130000000001,-0.010823692064677648
2020-06-04,5517.4,5576.754,-59.35400000000027,-0.010643108876597439
2020-06-05,5541.0,5585.423,-44.422999999999774,-0.007953381507542002
2020-06-08,5522.2,5575.304,-53.10400000000027,-0.00952486178332164
2020-06-09,5559.2,5610.377,-51.17700000000059,-0.009121846891929113
2020-06-10,5563.4,5615.242,-51.84200000000055,-0.009232371463242467
2020-06-11,5556.6,5589.102,-32.5019999999995,-0.005815245454457532
2020-06-12,5578.2,5591.487,-13.287000000000262,-0.0023762909580224835
2020-06-15,5557.0,5590.644,-33.64400000000023,-0.006017911353325347
2020-06-16,5678.8,5695.301,-16.501000000000204,-0.002897300774796662
2020-06-17,5706.0,5735.418,-29.417999999999665,-0.005129181517371475
2020-06-18,5743.2,5734.403,8.79699999999957,0.0015340742532395388
2020-06-19,5713.8,5787.148,-73.34799999999996,-0.012674291378067392
2020-06-22,5711.4,5784.027,-72.62700000000041,-0.012556476655451367
2020-06-23,5737.2,5804.343,-67.14300000000003,-0.011567717483270722
2020-06-24,5744.2,5789.089,-44.889000000000124,-0.0077540697681448886
2020-06-29,5710.6,5762.438,-51.83799999999974,-0.008995845161370888
2020-06-30,5802.4,5864.416,-62.01600000000053,-0.010574966032423439
2020-07-01,5829.4,5881.888,-52.488000000000284,-0.008923665326507456
2020-07-02,5954.2,5975.279,-21.079000000000633,-0.0035277013843204026
2020-07-03,6034.8,6051.51,-16.710000000000036,-0.0027612942885329506
2020-07-06,6305.2,6299.855,5.345000000000255,0.0008484322258211109
2020-07-07,6400.4,6380.028,20.37199999999939,0.0031930894347171183
2020-07-08,6515.8,6535.415,-19.61499999999978,-0.0030013396241860358
2020-07-09,6707.6,6693.745,13.855000000000473,0.002069842815942417
2020-07-10,6689.2,6676.437,12.76299999999992,0.00191164838371124
2020-07-13,6898.6,6899.518,-0.9179999999996653,-0.00013305277267189756
2020-07-14,6796.6,6807.727,-11.126999999999498,-0.0016344662469572442
2020-07-15,6635.0,6638.838,-3.837999999999738,-0.0005781132180058827
2020-07-16,6309.2,6319.998,-10.797999999999774,-0.001708544844476181
2020-07-17,6301.0,6344.591,-43.59100000000035,-0.006870576842541993
2020-07-20,6446.0,6526.833,-80.83299999999963,-0.012384720123833355
2020-07-21,6491.4,6563.324,-71.92399999999998,-0.010958471652473652
2020-07-22,6539.0,6620.689,-81.6890000000003,-0.012338443929325225
2020-07-23,6548.0,6620.086,-72.08600000000024,-0.010888982408989889
2020-07-24,6204.0,6283.983,-79.98300000000017,-0.012728073898353986
2020-07-27,6207.6,6298.735,-91.13499999999931,-0.014468778254681187
2020-07-28,6252.0,6359.664,-107.66399999999976,-0.01692919625942499
2020-07-29,6501.4,6530.271,-28.871000000000095,-0.004421102891442039
2020-07-30,6453.0,6511.436,-58.435999999999694,-0.008974364487341915
2020-07-31,6516.0,6579.67,-63.67000000000007,-0.00967677710280304
2020-08-03,6668.4,6739.809,-71.40900000000056,-0.010595107368769731
2020-08-04,6634.4,6697.707,-63.3070000000007,-0.009452040825315394
2020-08-05,6683.0,6772.842,-89.84199999999964,-0.01326503704058055
2020-08-06,6695.8,6770.302,-74.5019999999995,-0.011004235852403557
2020-08-07,6622.2,6688.882,-66.68199999999979,-0.00996908003460067
2020-08-10,6663.4,6725.296,-61.89600000000064,-0.00920346108186177
2020-08-11,6521.0,6600.847,-79.84699999999975,-0.012096477921696982
2020-08-12,6447.6,6528.4,-80.79999999999927,-0.012376692604619705
2020-08-13,6475.6,6552.657,-77.05699999999979,-0.011759657189442357
2020-08-14,6630.4,6623.563,6.836999999999534,0.0010322238952055766
2020-08-17,6713.0,6744.547,-31.54699999999957,-0.00467740828257251
2020-08-18,6746.6,6789.398,-42.797999999999774,-0.006303651663961926
2020-08-19,6639.8,6666.274,-26.47400000000016,-0.003971333911567415
2020-08-20,6587.2,6593.785,-6.585000000000036,-0.000998667684797129
2020-08-21,6522.2,6643.944,-121.7440000000006,-0.01832405571148712
2020-08-24,6543.4,6688.965,-145.5650000000005,-0.021761961678675328
2020-08-25,6523.6,6652.548,-128.9479999999994,-0.019383249846524883
2020-08-26,6436.0,6525.879,-89.8789999999999,-0.01377270402960274
2020-08-27,6509.4,6578.791,-69.39100000000053,-0.01054768269732243
2020-08-28,6660.0,6691.21,-31.210000000000036,-0.0046643282754539215
2020-08-31,6590.0,6668.433,-78.43299999999999,-0.011761833702160612
2020-09-01,6655.2,6710.46,-55.26000000000022,-0.008234904909648552
2020-09-02,6619.0,6717.558,-98.55799999999999,-0.014671700638833336
2020-09-03,6596.0,6662.252,-66.25200000000041,-0.009944385171860868
2020-09-04,6578.8,6618.576,-39.77599999999984,-0.006009751946642275
2020-09-07,6421.0,6478.812,-57.8119999999999,-0.008923240865763645
2020-09-08,6491.0,6525.098,-34.097999999999956,-0.00522566864129856
2020-09-09,6326.0,6349.223,-23.222999999999956,-0.0036576129079101422
2020-09-10,6222.0,6235.569,-13.569000000000415,-0.0021760644457627545
2020-09-11,6280.0,6311.967,-31.966999999999643,-0.0050645068328145
2020-09-14,6332.6,6351.242,-18.641999999999825,-0.0029351739392074533
2020-09-15,6366.2,6387.881,-21.681000000000495,-0.003394083264857391
2020-09-16,6353.6,6353.836,-0.2359999999998763,-3.7142916499556536e-05
2020-09-17,6374.0,6367.021,6.979000000000269,0.001096117006681817
2020-09-18,6437.6,6469.469,-31.868999999999687,-0.00492606116514349
2020-09-21,6373.8,6445.965,-72.16499999999996,-0.01119537571178248
2020-09-22,6292.2,6358.652,-66.45200000000023,-0.010450642683386389
2020-09-23,6323.0,6392.033,-69.03300000000036,-0.010799850376241855
2020-09-24,6190.2,6244.639,-54.439000000000306,-0.008717717709542586
2020-09-25,6209.6,6236.89,-27.289999999999964,-0.004375578212859287
2020-09-28,6157.2,6178.469,-21.269000000000233,-0.0034424385717562447
2020-09-29,6213.4,6228.771,-15.371000000000095,-0.002467742031293187
2020-09-30,6163.0,6192.505,-29.50500000000011,-0.004764630791577901
2020-10-09,6332.6,6357.971,-25.370999999999185,-0.003990423989036626
2020-10-12,6539.8,6541.176,-1.3760000000002037,-0.0002103597273640403
2020-10-13,6538.4,6551.399,-12.999000000000706,-0.0019841563611071016
2020-10-14,6511.0,6508.374,2.6260000000002037,0.0004034801933632277
2020-10-15,6466.0,6460.041,5.958999999999833,0.0009224399659382707
2020-10-16,6419.6,6428.682,-9.081999999999425,-0.0014127312565778531
2020-10-19,6281.6,6358.321,-76.72099999999955,-0.012066235724808413
2020-10-20,6356.4,6423.113,-66.71300000000065,-0.01038639675185547
2020-10-21,6289.6,6350.013,-60.412999999999556,-0.009513838790566186
2020-10-22,6261.2,6317.144,-55.944000000000415,-0.00885590070449564
2020-10-23,6168.8,6213.263,-44.46299999999974,-0.007156143237458279
2020-10-26,6180.2,6214.378,-34.177999999999884,-0.005499826370394573
2020-10-27,6172.8,6221.341,-48.54100000000017,-0.007802337148855876
2020-10-28,6211.6,6245.999,-34.39899999999943,-0.0055073655951593066
2020-10-29,6231.0,6255.193,-24.19300000000021,-0.0038676664333139217
2020-10-30,6068.2,6111.48,-43.279999999999745,-0.007081754337738117
2020-11-02,6109.8,6143.116,-33.3159999999998,-0.0054233063481138565
2020-11-03,6209.2,6241.768,-32.56800000000021,-0.005217752406049089
2020-11-04,6200.2,6234.158,-33.95800000000054,-0.005447086839955056
2020-11-05,6333.8,6351.979,-18.179000000000087,-0.0028619427110826543
2020-11-06,6288.4,6301.248,-12.847999999999956,-0.0020389611708664626
2020-11-09,6383.2,6421.651,-38.45100000000002,-0.0059877125057092055
2020-11-10,6344.2,6373.085,-28.88500000000022,-0.004532341872107499
2020-11-11,6268.4,6294.606,-26.20600000000013,-0.0041632470721757854
2020-11-12,6290.2,6315.494,-25.29399999999987,-0.004005070703891077
2020-11-13,6292.2,6306.97,-14.770000000000437,-0.0023418535366428626
2020-11-16,6370.8,6387.371,-16.570999999999913,-0.0025943381087461356
2020-11-17,6334.0,6336.941,-2.9409999999998035,-0.00046410405272824914
2020-11-18,6330.4,6341.014,-10.614000000000487,-0.0016738647793555553
2020-11-19,6373.0,6360.6,12.399999999999636,0.0019495016193440298
2020-11-20,6379.2,6422.985,-43.784999999999854,-0.006816923906875052
2020-11-23,6434.0,6472.93,-38.93000000000029,-0.006014277923598786
2020-11-24,6425.2,6475.188,-49.988000000000284,-0.007719930293915834
2020-11-25,6325.4,6350.367,-24.967000000000553,-0.003931583796653099
2020-11-26,6314.4,6334.304,-19.90400000000045,-0.0031422552501427863
2020-11-27,6344.0,6351.612,-7.61200000000008,-0.0011984359246125361
2020-11-30,6293.0,6320.944,-27.944000000000415,-0.004420858656555162
2020-12-01,6406.6,6426.616,-20.01599999999962,-0.003114547376099587
2020-12-02,6402.0,6434.979,-32.97900000000027,-0.005124958449747897
2020-12-03,6429.4,6440.881,-11.481000000000677,-0.0017825201241880848
2020-12-04,6458.4,6464.735,-6.335000000000036,-0.0009799318920265157
2020-12-07,6397.6,6424.682,-27.081999999999425,-0.00421530590930406
2020-12-08,6402.8,6423.651,-20.850999999999658,-0.003245973356896204
2020-12-09,6305.0,6307.221,-2.220999999999549,-0.00035213606753268183
2020-12-10,6315.6,6320.096,-4.495999999999185,-0.0007113815992667177
2020-12-11,6196.4,6209.427,-13.027000000000044,-0.0020979391496188044
2020-12-14,6253.2,6259.018,-5.818000000000211,-0.0009295387870749391
2020-12-15,6256.8,6265.582,-8.782000000000153,-0.0014016255792359197
2020-12-16,6239.6,6235.435,4.164999999999964,0.0006679566060747909
2020-12-17,6313.8,6308.901,4.899000000000342,0.0007765219330593937
2020-12-18,6246.6,6291.918,-45.3179999999993,-0.007202573205817257
2020-12-21,6354.8,6398.599,-43.79899999999998,-0.006845092183460782
2020-12-22,6238.8,6250.061,-11.260999999999513,-0.0018017424149939518
2020-12-23,6270.6,6307.604,-37.003999999999905,-0.0058665699368571494
2020-12-24,6191.2,6205.225,-14.025000000000546,-0.0022601920155998446
2020-12-25,6262.0,6278.498,-16.497999999999593,-0.0026276985355413976
2020-12-28,6214.8,6244.482,-29.68199999999979,-0.004753316608166985
2020-12-29,6198.4,6199.852,-1.4520000000002256,-0.00023419913894722415
2020-12-30,6248.0,6269.248,-21.247999999999593,-0.0033892422185243898
2020-12-31,6348.0,6367.115,-19.11499999999978,-0.003002144613376668
2021-01-04,6434.2,6482.787,-48.587000000000444,-0.007494770381936109
2021-01-05,6476.6,6539.732,-63.13199999999961,-0.00965360660039274
2021-01-06,6485.0,6528.143,-43.14300000000003,-0.006608770671843437
2021-01-07,6526.0,6538.116,-12.115999999999985,-0.0018531332267582871
2021-01-08,6550.6,6557.596,-6.995999999999185,-0.0010668543777322033
2021-01-11,6446.8,6455.399,-8.59900000000016,-0.0013320632853213504
2021-01-12,6521.6,6543.229,-21.628999999999905,-0.0033055544899926173
2021-01-13,6487.2,6496.913,-9.712999999999738,-0.0014950177107188813
2021-01-14,6446.6,6439.885,6.7150000000001455,0.0010427204833626913
2021-01-15,6390.2,6417.501,-27.301000000000386,-0.0042541481489446415
2021-01-18,6442.2,6514.464,-72.26400000000012,-0.01109285430082968
2021-01-19,6410.8,6476.374,-65.57399999999961,-0.010125110131070198
2021-01-20,6479.4,6535.419,-56.01900000000023,-0.008571600382469775
2021-01-21,6565.4,6622.496,-57.09600000000046,-0.00862152276120672
2021-01-22,6566.6,6637.805,-71.20499999999993,-0.010727190690295952
2021-01-25,6560.4,6645.314,-84.91400000000067,-0.012778026741851576
2021-01-26,6486.0,6532.961,-46.96100000000024,-0.00718831782403113
2021-01-27,6480.0,6557.161,-77.16100000000006,-0.011767440207736252
2021-01-28,6394.4,6414.381,-19.981000000000677,-0.003115031676478319
2021-01-29,6313.6,6346.137,-32.53699999999935,-0.005127056034245613
2021-02-01,6357.8,6393.278,-35.478000000000065,-0.0055492659634072015
2021-02-02,6409.0,6454.785,-45.784999999999854,-0.007093187457057029
2021-02-03,6379.0,6399.332,-20.332000000000335,-0.003177206620941113
2021-02-04,6320.8,6328.788,-7.987999999999374,-0.0012621689966545529
2021-02-05,6231.2,6239.871,-8.671000000000276,-0.0013896120608904057
2021-02-08,6313.8,6323.162,-9.36200000000008,-0.0014805883512078418
2021-02-09,6435.8,6457.881,-22.08100000000013,-0.003419233027056418
2021-02-10,6492.0,6525.166,-33.16600000000017,-0.005082782568290242
2021-02-18,6579.6,6614.544,-34.943999999999505,-0.0052829038555037965
2021-02-19,6630.0,6703.482,-73.48199999999997,-0.010961765840499007
2021-02-22,6576.8,6657.056,-80.2559999999994,-0.012055779611888409
2021-02-23,6569.8,6631.229,-61.42900000000009,-0.009263592012883296
2021-02-24,6491.2,6536.186,-44.985999999999876,-0.0068826070739112805
2021-02-25,6472.2,6499.153,-26.95300000000043,-0.004147155790916205
2021-02-26,6320.4,6364.353,-43.95300000000043,-0.006906122271973353
2021-03-01,6438.0,6488.439,-50.439000000000306,-0.007773672527398393
2021-03-02,6380.6,6433.328,-52.728000000000065,-0.00819606897083439
2021-03-03,6463.0,6524.751,-61.751000000000204,-0.009464115948639298
2021-03-04,6372.8,6401.992,-29.192000000000007,-0.00455983075267823
2021-03-05,6399.0,6403.496,-4.496000000000095,-0.0007021164688788896
2021-03-08,6243.6,6256.409,-12.808999999999287,-0.0020473405750805755
2021-03-09,6126.4,6108.003,18.396999999999935,0.003011950059618493
2021-03-10,6042.8,6062.255,-19.454999999999927,-0.0032092018564049067
2021-03-11,6212.4,6213.832,-1.4320000000006985,-0.00023045360737153795
2021-03-12,6215.2,6222.38,-7.180000000000291,-0.001153899311838925
2021-03-15,6183.0,6173.872,9.127999999999702,0.0014784887020656892
2021-03-16,6179.2,6195.244,-16.04399999999987,-0.002589728507868273
2021-03-17,6213.2,6225.359,-12.15900000000056,-0.001953140373109496
2021-03-18,6263.0,6273.856,-10.855999999999767,-0.0017303553030225379
2021-03-19,6196.8,6206.602,-9.80199999999968,-0.001579286057008276
2021-03-22,6246.0,6305.692,-59.69200000000001,-0.009466367846701046
2021-03-23,6188.0,6219.167,-31.16700000000037,-0.005011442850786989
2021-03-24,6133.4,6142.544,-9.144000000000233,-0.0014886340252508136
2021-03-25,6155.6,6157.407,-1.806999999999789,-0.000293467688590309
2021-03-26,6232.4,6251.794,-19.394000000000233,-0.003102149558990625
2021-03-29,6230.6,6254.943,-24.342999999999847,-0.003891802051593411
2021-03-30,6245.0,6280.359,-35.35900000000038,-0.005630092165113551
2021-03-31,6237.8,6254.07,-16.269999999999527,-0.0026015058993582624
2021-04-01,6291.0,6311.664,-20.66399999999976,-0.003273938536652103
2021-04-02,6296.4,6326.606,-30.20600000000013,-0.0047744398813518866
2021-04-06,6300.6,6343.096,-42.495999999999185,-0.0066995675297992
2021-04-07,6314.0,6348.076,-34.07600000000002,-0.005367925651803794
2021-04-08,6345.8,6356.753,-10.95299999999952,-0.001723049487686484
2021-04-09,6326.8,6335.239,-8.438999999999396,-0.001332072870494609
2021-04-12,6237.2,6226.418,10.782000000000153,0.0017316537373494928
2021-04-13,6219.8,6209.78,10.020000000000437,0.001613583734045399
2021-04-14,6271.0,6277.211,-6.21100000000024,-0.0009894521627519354
2021-04-15,6276.4,6276.461,-0.061000000000603904,-9.718852710246093e-06
2021-04-16,6325.4,6339.591,-14.191000000000713,-0.00223847248189997
2021-04-19,6385.4,6425.261,-39.861000000000786,-0.006203794678535359
2021-04-20,6400.0,6428.541,-28.541000000000167,-0.0044397321258432
2021-04-21,6385.4,6420.259,-34.85900000000038,-0.005429531736959581
2021-04-22,6397.4,6445.466,-48.06600000000071,-0.007457335125187335
2021-04-23,6443.0,6462.756,-19.756000000000313,-0.0030569001831417296
2021-04-26,6417.6,6442.645,-25.045000000000073,-0.003887378553373664
2021-04-27,6413.2,6446.282,-33.082000000000335,-0.005131950479361644
2021-04-28,6462.4,6489.744,-27.34400000000005,-0.004213417355137591
2021-04-29,6464.0,6491.928,-27.927999999999884,-0.004301957754306561
2021-04-30,6477.6,6485.708,-8.107999999999265,-0.001250133370173197
2021-05-06,6446.2,6489.349,-43.14900000000034,-0.006649203178932177
2021-05-07,6430.2,6444.443,-14.243000000000393,-0.002210121185027223
2021-05-10,6443.8,6475.994,-32.193999999999505,-0.004971283172899714
2021-05-11,6437.8,6456.038,-18.237999999999374,-0.002824952393402792
2021-05-12,6506.6,6512.05,-5.449999999999818,-0.0008369100360101379
2021-05-13,6435.0,6439.027,-4.027000000000044,-0.000625405049551748
2021-05-14,6545.2,6525.804,19.39599999999973,0.0029722008200061987
2021-05-17,6572.2,6578.14,-5.940000000000509,-0.0009029908150328982
2021-05-18,6595.0,6599.599,-4.59900000000016,-0.0006968605213741259
2021-05-19,6586.8,6584.387,2.4130000000004657,0.00036647299133548284
2021-05-20,6556.4,6548.711,7.688999999999396,0.0011741241902413155
2021-05-21,6495.2,6527.864,-32.66399999999976,-0.005003780716019783
2021-05-24,6515.0,6544.122,-29.1220000000003,-0.004450100410719772
2021-05-25,6589.0,6619.671,-30.671000000000276,-0.004633311836796765
2021-05-26,6600.8,6628.207,-27.407000000000153,-0.004134904054746653
2021-05-27,6645.6,6685.405,-39.80499999999938,-0.005954014753032821
2021-05-28,6651.8,6668.17,-16.36999999999989,-0.0024549464095846222
2021-05-31,6679.0,6728.991,-49.990999999999985,-0.007429197037118936
2021-06-01,6675.4,6739.762,-64.36200000000008,-0.009549595371468619
2021-06-02,6645.0,6681.429,-36.42900000000009,-0.005452276750976488
2021-06-03,6601.0,6667.726,-66.72599999999966,-0.010007309838466616
2021-06-04,6669.0,6693.057,-24.05699999999979,-0.0035943216978429724
2021-06-07,6669.6,6721.502,-51.902000000000044,-0.007721785993666303
2021-06-08,6653.0,6684.563,-31.563000000000102,-0.004721774632088904
2021-06-09,6658.0,6692.905,-34.904999999999745,-0.0052152241814279075
2021-06-10,6746.2,6765.644,-19.444000000000415,-0.002873931882907291
2021-06-11,6726.0,6725.915,0.08500000000003638,1.2637685727523524e-05
2021-06-15,6652.4,6663.662,-11.262000000000626,-0.0016900617108131573
2021-06-16,6571.4,6566.286,5.113999999999578,0.0007788268741263445
2021-06-17,6608.0,6616.174,-8.173999999999978,-0.0012354572295105869
2021-06-18,6648.6,6657.764,-9.16399999999976,-0.0013764380954326048
2021-06-21,6654.8,6707.176,-52.376000000000204,-0.00780894969805477
2021-06-22,6678.2,6739.794,-61.59400000000005,-0.009138854985775538
2021-06-23,6755.2,6789.946,-34.746000000000095,-0.005117271919393777
2021-06-24,6739.6,6754.866,-15.265999999999622,-0.002260000420437596
2021-06-25,6799.8,6813.414,-13.613999999999578,-0.001998117243425921
2021-06-28,6793.0,6828.516,-35.51599999999962,-0.005201130084486823
2021-06-29,6744.8,6765.42,-20.61999999999989,-0.0030478521658669957
2021-06-30,6764.0,6808.183,-44.18299999999999,-0.00648969042107123
2021-07-01,6686.2,6716.666,-30.46600000000035,-0.004535881343511848
2021-07-02,6639.0,6658.045,-19.045000000000073,-0.002860449276026232
2021-07-05,6678.4,6711.014,-32.61400000000049,-0.004859772308625863
2021-07-06,6675.2,6709.498,-34.297999999999774,-0.005111857846891045
2021-07-07,6739.0,6764.132,-25.131999999999607,-0.00371548041936491
2021-07-08,6721.8,6748.654,-26.85400000000027,-0.003979163845116414
2021-07-09,6784.2,6804.539,-20.338999999999942,-0.002989034231415228
2021-07-12,6866.0,6904.382,-38.38199999999961,-0.005559078278113755
2021-07-13,6941.6,6961.848,-20.247999999999593,-0.0029084231658030443
2021-07-14,6909.2,6898.75,10.449999999999818,0.0015147671679651847
2021-07-15,6920.0,6932.406,-12.405999999999949,-0.0017895662775665403
2021-07-16,6886.6,6925.123,-38.52299999999923,-0.005562789281865352
2021-07-19,6853.6,6889.338,-35.737999999999374,-0.0051874360061880224
2021-07-20,6860.4,6901.132,-40.73199999999997,-0.005902220099543085
2021-07-21,6939.2,6984.542,-45.34200000000055,-0.006491764241664028
2021-07-22,6975.4,7026.548,-51.14800000000014,-0.007279250067031512
2021-07-23,6947.0,6985.75,-38.75,-0.00554700640589772
2021-07-26,6827.2,6868.207,-41.00700000000052,-0.0059705538869169955
2021-07-27,6719.4,6719.256,0.14399999999932334,2.1430944140143392e-05
2021-07-28,6628.0,6621.985,6.015000000000327,0.0009083379077422145
2021-07-29,6736.8,6758.887,-22.086999999999534,-0.0032678457266706092
2021-07-30,6758.6,6767.316,-8.71599999999944,-0.0012879552247891837
2021-08-02,6833.8,6872.0,-38.19999999999982,-0.005558789289871918
2021-08-03,6795.8,6816.011,-20.21100000000024,-0.0029652240878132734
2021-08-04,6867.2,6931.337,-64.13700000000063,-0.009253193142968033
2021-08-05,6867.4,6911.829,-44.42900000000009,-0.006427965738157019
2021-08-06,6898.2,6938.868,-40.668000000000575,-0.0058608983482609225
2021-08-09,6913.8,6979.526,-65.72599999999966,-0.009416971868863252
2021-08-10,6963.6,7019.228,-55.6279999999997,-0.00792508805811689
2021-08-11,6996.2,7073.522,-77.32200000000012,-0.010931188169062049
2021-08-12,7054.6,7095.202,-40.60199999999986,-0.005722458641769446
2021-08-13,7080.0,7088.888,-8.88799999999992,-0.0012537932606637204
2021-08-16,7045.4,7052.488,-7.088000000000648,-0.0010050353860936237
2021-08-17,6894.6,6894.404,0.1959999999999127,2.8428853313486223e-05
2021-08-18,6916.6,6941.008,-24.407999999999447,-0.00351649212909702
2021-08-19,6952.4,6947.056,5.344000000000051,0.0007692467140037523
2021-08-20,6861.8,6920.025,-58.224999999999454,-0.008413986943688709
2021-08-23,6946.8,7024.565,-77.76499999999942,-0.011070436390011257
2021-08-24,7024.4,7090.782,-66.38200000000052,-0.009361731893605037
2021-08-25,7061.6,7153.004,-91.40399999999954,-0.012778407505434016
2021-08-26,7061.2,7118.844,-57.64400000000023,-0.008097382103049349
2021-08-27,7106.8,7180.109,-73.3090000000002,-0.010210012132127825
2021-08-30,7123.2,7226.882,-103.68199999999979,-0.0143467127317147
2021-08-31,7155.2,7255.342,-100.14199999999983,-0.013802519577988169
2021-09-01,7119.0,7193.1,-74.10000000000036,-0.010301538974850949
2021-09-02,7218.8,7307.008,-88.20799999999963,-0.012071698840346094
2021-09-03,7217.0,7278.681,-61.680999999999585,-0.008474200201932134
2021-09-06,7258.6,7355.401,-96.80099999999948,-0.013160533327822573
2021-09-07,7444.8,7498.926,-54.126000000000204,-0.007217833593770655
2021-09-08,7482.4,7544.041,-61.64100000000053,-0.008170819856360872
2021-09-09,7560.8,7617.451,-56.65099999999984,-0.007437002220296506
2021-09-10,7593.8,7607.675,-13.875,-0.0018238160804713661
2021-09-13,7596.4,7648.748,-52.347999999999956,-0.006843995906258117
2021-09-14,7545.2,7556.616,-11.416000000000167,-0.001510729141192323
2021-09-15,7571.8,7592.306,-20.505999999999403,-0.0027008921927013222
2021-09-16,7442.4,7446.935,-4.535000000000764,-0.0006089753704041682
2021-09-17,7321.0,7395.565,-74.5649999999996,-0.010082393975308121
2021-09-22,7385.8,7453.625,-67.82499999999982,-0.009099599188314387
2021-09-23,7425.0,7502.839,-77.83899999999994,-0.010374606199066772
2021-09-24,7370.0,7380.384,-10.384000000000015,-0.0014069728621166615
2021-09-27,7178.2,7170.59,7.609999999999673,0.0010612794763052514
2021-09-28,7187.0,7198.897,-11.896999999999935,-0.0016526142824379812
2021-09-29,7047.0,7010.219,36.78099999999995,0.005246769038171268
2021-09-30,7095.2,7103.608,-8.408000000000357,-0.0011836238711370837
2021-10-08,7081.4,7091.336,-9.936000000000604,-0.0014011464130314235
2021-10-11,7083.0,7090.467,-7.4669999999996435,-0.0010531041185298012
2021-10-12,6946.2,6952.19,-5.989999999999782,-0.0008615990069315974
2021-10-13,6981.0,6981.595,-0.5950000000002547,-8.522407845202345e-05
2021-10-14,7006.2,7008.333,-2.132999999999811,-0.00030435197642575076
2021-10-15,7025.0,7024.16,0.8400000000001455,0.00011958725313776245
2021-10-18,7021.0,7068.105,-47.10499999999956,-0.00666444542066078
2021-10-19,7070.0,7120.379,-50.378999999999905,-0.0070753256252230265
2021-10-20,7075.6,7118.796,-43.19599999999991,-0.006067880017913129
2021-10-21,7054.0,7098.254,-44.253999999999905,-0.006234490904382952
2021-10-22,7004.2,7026.068,-21.868000000000393,-0.003112409387441225
2021-10-25,7059.0,7103.986,-44.985999999999876,-0.006332501218330087
2021-10-26,7063.6,7102.434,-38.83399999999983,-0.005467703043773421
2021-10-27,6998.0,7048.604,-50.60400000000027,-0.007179293942460133
2021-10-28,6941.0,6950.277,-9.277000000000044,-0.0013347669452598858
2021-10-29,7015.4,7022.499,-7.09900000000016,-0.0010108937003764841
2021-11-01,7043.6,7060.756,-17.15599999999995,-0.002429768143807823
2021-11-02,6988.6,6985.1,3.5,0.0005010665559548181
2021-11-03,7009.4,7017.854,-8.454000000000633,-0.001204641760857469
2021-11-04,7066.2,7073.852,-7.652000000000044,-0.0010817302934808424
2021-11-05,7003.6,6991.908,11.692000000000007,0.0016722187992176108
2021-11-08,7022.2,7026.972,-4.7719999999999345,-0.0006790976255490892
2021-11-09,7071.2,7081.754,-10.554000000000087,-0.001490308756841891
2021-11-10,7055.6,7062.331,-6.730999999999767,-0.0009530847534616781
2021-11-11,7114.0,7119.859,-5.859000000000378,-0.0008229095548100571
2021-11-12,7165.0,7156.613,8.386999999999716,0.0011719230870803992
2021-11-15,7104.8,7098.213,6.587000000000444,0.0009279800423008501
2021-11-16,7054.8,7045.939,8.860999999999876,0.0012576038481173163
2021-11-17,7094.2,7104.534,-10.333999999999833,-0.001454564085413601
2021-11-18,7085.8,7084.683,1.1170000000001892,0.00015766407614852904
2021-11-19,7170.0,7169.876,0.12399999999979627,1.729458082675297e-05
2021-11-22,7210.2,7255.074,-44.873999999999796,-0.006185188462584916
2021-11-23,7225.0,7261.379,-36.378999999999905,-0.005009929932041821
2021-11-24,7221.4,7256.112,-34.712000000000444,-0.004783829136044268
2021-11-25,7218.0,7233.542,-15.542000000000371,-0.0021486016117692234
2021-11-26,7196.4,7219.862,-23.462000000000444,-0.003249646599893522
2021-11-29,7215.2,7221.898,-6.69800000000032,-0.0009274570203013557
2021-11-30,7221.2,7252.755,-31.55500000000029,-0.004350760504111926
2021-12-01,7267.2,7272.837,-5.637000000000626,-0.0007750758060438623
2021-12-02,7215.2,7229.988,-14.788000000000466,-0.0020453699231589963
2021-12-03,7288.0,7301.917,-13.917000000000371,-0.0019059378516628402
2021-12-06,7215.2,7240.456,-25.256000000000313,-0.0034881780926505615
2021-12-07,7177.2,7206.826,-29.626000000000204,-0.004110824931807734
2021-12-08,7277.6,7302.991,-25.39099999999962,-0.00347679464482424
2021-12-09,7302.4,7320.318,-17.918000000000575,-0.00244770787280014
2021-12-10,7322.0,7306.646,15.35400000000027,0.002101374556807634
2021-12-13,7334.6,7353.031,-18.430999999999585,-0.002506585379552947
2021-12-14,7332.2,7324.133,8.067000000000007,0.0011014272952170594
2021-12-15,7314.6,7314.259,0.34100000000034925,4.662126402693003e-05
2021-12-16,7380.6,7380.997,-0.3969999999999345,-5.378677162447492e-05
2021-12-17,7316.0,7314.56,1.4399999999995998,0.00019686761746429037
2021-12-20,7230.0,7195.973,34.027000000000044,0.0047286169639602655
2021-12-21,7268.8,7275.468,-6.667999999999665,-0.0009165046152357024
2021-12-22,7297.0,7302.463,-5.462999999999738,-0.0007481037562257746
2021-12-23,7342.8,7337.19,5.610000000000582,0.000764597891018303
2021-12-24,7309.4,7278.756,30.643999999999323,0.004210060070704296
2021-12-27,7298.4,7272.749,25.65099999999984,0.0035270019630816133
2021-12-28,7310.2,7286.034,24.166000000000167,0.0033167564137087705
2021-12-29,7291.2,7247.774,43.425999999999476,0.0059916327413078105
2021-12-30,7335.2,7310.96,24.23999999999978,0.003315570048256287
2021-12-31,7371.8,7359.402,12.398000000000138,0.0016846477471946957
2022-01-04,7371.0,7354.456,16.54399999999987,0.002249520562771722
2022-01-05,7221.8,7222.675,-0.875,-0.00012114625121578916
2022-01-06,7225.2,7229.96,-4.760000000000218,-0.0006583715539228734
2022-01-07,7192.0,7175.676,16.323999999999614,0.0022749076184598654
2022-01-10,7191.0,7191.451,-0.45100000000002183,-6.2713352284542e-05
2022-01-11,7157.8,7135.223,22.577000000000226,0.0031641617928409842
2022-01-12,7200.0,7196.933,3.0670000000000073,0.00042615375188292113
2022-01-13,7118.8,7097.759,21.041000000000167,0.0029644568095366676
2022-01-14,7088.4,7081.141,7.2590000000000146,0.0010251172798282106
2022-01-17,7154.6,7157.859,-3.2590000000000146,-0.00045530374375913447
2022-01-18,7166.0,7163.159,2.8410000000003492,0.00039661272352049554
2022-01-19,7122.2,7118.762,3.438000000000102,0.00048294914199970473
2022-01-20,7063.8,7056.785,7.015000000000327,0.00099407874832524
2022-01-21,7009.2,6976.616,32.58399999999983,0.004670459145236005
2022-01-24,7004.2,6979.246,24.953999999999724,0.003575457864646084
2022-01-25,6762.2,6743.957,18.242999999999483,0.0027050884221236113
2022-01-26,6786.2,6782.576,3.6239999999997963,0.000534310267957159
2022-01-27,6622.0,6605.916,16.083999999999833,0.0024347872422234604
2022-01-28,6561.0,6580.53,-19.529999999999745,-0.002967846054952982
2022-02-07,6661.6,6676.612,-15.011999999999716,-0.002248445768602356
2022-02-08,6742.4,6742.192,0.20799999999962893,3.085050084596062e-05
2022-02-09,6841.8,6843.027,-1.2269999999998618,-0.00017930661387129728
2022-02-10,6836.4,6840.485,-4.085000000000036,-0.0005971798783273462
2022-02-11,6753.8,6745.024,8.77599999999984,0.0013011073051778378
2022-02-14,6699.2,6695.696,3.5039999999999054,0.000523321249949207
2022-02-15,6755.4,6760.278,-4.878000000000611,-0.0007215679591875676
2022-02-16,6767.4,6772.034,-4.6340000000000146,-0.0006842848101471456
2022-02-17,6767.8,6768.789,-0.988999999999578,-0.00014611180818305578
2022-02-18,6829.4,6835.022,-5.622000000000298,-0.0008225284424834767
2022-02-21,6843.2,6867.113,-23.913000000000466,-0.003482249381945581
2022-02-22,6785.6,6784.762,0.8380000000006476,0.0001235120701360855
2022-02-23,6885.2,6887.424,-2.22400000000016,-0.00032290737436814693
2022-02-24,6773.6,6764.876,8.72400000000016,0.001289602351913052
2022-02-25,6818.2,6819.431,-1.2309999999997672,-0.00018051359416933278
2022-02-28,6848.0,6853.308,-5.307999999999993,-0.0007745164816757095
2022-03-01,6858.6,6874.045,-15.444999999999709,-0.0022468575634869586
2022-03-02,6867.4,6875.24,-7.8400000000001455,-0.0011403238286954557
2022-03-03,6853.4,6859.552,-6.152000000000044,-0.000896851572814091
2022-03-04,6817.0,6803.834,13.166000000000167,0.0019350854238948463
2022-03-07,6660.6,6659.39,1.2100000000000364,0.0001816983237203462
2022-03-08,6395.8,6429.889,-34.08899999999994,-0.005301646731382135
2022-03-09,6280.8,6305.609,-24.809000000000196,-0.00393443361299443
2022-03-10,6376.2,6414.94,-38.73999999999978,-0.006039027644841539
2022-03-11,6481.2,6474.127,7.072999999999411,0.0010925025103769837
2022-03-14,6312.6,6323.578,-10.978000000000065,-0.0017360424746876001
2022-03-15,5903.0,5964.981,-61.98099999999977,-0.010390812644667229
2022-03-16,6153.2,6156.271,-3.0709999999999127,-0.0004988409379638929
2022-03-17,6259.2,6267.524,-8.324000000000524,-0.0013281161747446875
2022-03-18,6293.0,6332.217,-39.21699999999964,-0.006193249536457712
2022-03-21,6304.6,6358.943,-54.34299999999985,-0.008545917143776859
2022-03-22,6308.0,6358.109,-50.10900000000038,-0.007881116854083561
2022-03-23,6352.8,6398.101,-45.300999999999476,-0.007080382132135688
2022-03-24,6299.8,6344.115,-44.3149999999996,-0.006985213855675631
2022-03-25,6211.0,6268.238,-57.238000000000284,-0.009131433745815057
2022-03-28,6258.8,6283.281,-24.480999999999767,-0.0038962128225682995
2022-03-29,6216.0,6253.069,-37.069000000000415,-0.0059281290515106125
2022-03-30,6375.0,6377.874,-2.8739999999997963,-0.0004506203791419831
2022-03-31,6318.6,6324.961,-6.360999999999876,-0.0010056979007459297
2022-04-01,6368.4,6364.521,3.8789999999999054,0.0006094724174843489
2022-04-06,6349.0,6356.927,-7.92699999999968,-0.001246986161709845
2022-04-07,6195.4,6221.591,-26.191000000000713,-0.00420969491565754
2022-04-08,6210.0,6224.117,-14.11700000000019,-0.002268112890551413
2022-04-11,6007.0,6029.894,-22.894000000000233,-0.003796749992620141
2022-04-12,6130.4,6126.907,3.4929999999994834,0.0005701082128387918
2022-04-13,6045.0,6044.326,0.6739999999999782,0.00011150953803616452
2022-04-14,6114.8,6126.49,-11.6899999999996,-0.0019081072522765237
2022-04-15,6018.0,6070.749,-52.748999999999796,-0.008689043147723584
2022-04-18,6051.0,6074.007,-23.006999999999607,-0.0037877796321274587
2022-04-19,6066.6,6092.396,-25.795999999999367,-0.0042341305456834
2022-04-20,5904.2,5956.921,-52.72100000000046,-0.008850377569217463
2022-04-21,5719.4,5759.801,-40.40100000000075,-0.0070143048344900715
2022-04-22,5686.6,5740.984,-54.384000000000015,-0.009472940527268499
2022-04-25,5316.8,5369.717,-52.91699999999946,-0.009854709289148658
2022-04-26,5170.8,5234.006,-63.20600000000013,-0.012076027425264726
2022-04-27,5414.4,5437.037,-22.637000000000626,-0.00416348095479222
2022-04-28,5393.0,5418.764,-25.764000000000124,-0.004754589792063305
2022-04-29,5619.0,5627.902,-8.902000000000044,-0.0015817617293264956
2022-05-05,5652.2,5686.702,-34.50200000000041,-0.006067136980274402
2022-05-06,5504.2,5563.769,-59.569000000000415,-0.010706591161495096
2022-05-09,5547.0,5608.516,-61.51599999999962,-0.010968320318601146
2022-05-10,5672.2,5690.087,-17.887000000000626,-0.003143537172630335
2022-05-11,5702.4,5737.817,-35.41700000000037,-0.006172556566373652
2022-05-12,5718.2,5743.101,-24.90099999999984,-0.004335810914695709
2022-05-13,5782.4,5796.801,-14.40100000000075,-0.002484301255123429
2022-05-16,5750.0,5791.081,-41.08100000000013,-0.007093839647554598
2022-05-17,5797.0,5816.338,-19.337999999999738,-0.0033247723911505383
2022-05-18,5783.8,5797.49,-13.6899999999996,-0.002361366729394893
2022-05-19,5781.2,5838.407,-57.207000000000335,-0.009798391924372579
2022-05-20,5891.2,5929.488,-38.288000000000466,-0.006457218565920104
2022-05-23,5888.0,5965.728,-77.72800000000007,-0.013029088822018045
2022-05-24,5678.2,5745.675,-67.47500000000036,-0.011743615850183027
2022-05-25,5768.6,5844.255,-75.65499999999975,-0.012945191474362386
2022-05-26,5852.8,5911.561,-58.76099999999951,-0.009940014151930347
2022-05-27,5845.0,5899.915,-54.914999999999964,-0.009307761213509002
2022-05-30,5872.4,5942.832,-70.4320000000007,-0.011851588602874975
2022-05-31,5975.0,6026.237,-51.23700000000008,-0.008502320768333552
2022-06-01,5970.0,6023.644,-53.64400000000023,-0.008905572772892991
2022-06-02,6050.2,6078.435,-28.235000000000582,-0.00464511013114405
2022-06-06,6157.8,6187.444,-29.644000000000233,-0.004790992855854571
2022-06-07,6148.0,6186.567,-38.56700000000001,-0.006233990515256685
2022-06-08,6190.0,6217.828,-27.82800000000043,-0.004475517817475882
2022-06-09,6119.8,6130.686,-10.885999999999513,-0.00177565773226675
2022-06-10,6250.4,6240.103,10.29699999999957,0.0016501330186376043
2022-06-13,6217.8,6233.619,-15.818999999999505,-0.002537691187093646
2022-06-14,6281.2,6275.565,5.635000000000218,0.000897927118912834
2022-06-15,6251.6,6261.061,-9.46099999999933,-0.0015110857408990794
2022-06-16,6253.6,6264.822,-11.221999999999753,-0.0017912719627149426
2022-06-17,6282.4,6316.309,-33.90900000000056,-0.005368483397503282
2022-06-20,6265.0,6330.394,-65.39400000000023,-0.010330162703932841
2022-06-21,6224.2,6277.001,-52.801000000000386,-0.008411819593465156
2022-06-22,6115.2,6179.57,-64.36999999999989,-0.010416582383563888
2022-06-23,6273.2,6300.475,-27.275000000000546,-0.0043290386835914026
2022-06-24,6348.6,6368.283,-19.682999999999993,-0.003090786009352912
2022-06-27,6363.6,6407.745,-44.14499999999953,-0.00688931909743592
2022-06-28,6477.0,6501.352,-24.35199999999986,-0.003745682436514722
2022-06-29,6382.2,6374.297,7.903000000000247,0.0012398229953829022
2022-06-30,6425.8,6454.078,-28.278000000000247,-0.004381415904796974
2022-07-01,6413.2,6438.538,-25.337999999999738,-0.003935365450976563
2022-07-04,6491.8,6523.131,-31.33100000000013,-0.0048030615972605994
2022-07-05,6476.4,6511.53,-35.13000000000011,-0.005395045404075557
2022-07-06,6401.6,6418.545,-16.94499999999971,-0.0026400064189001883
2022-07-07,6421.6,6452.986,-31.385999999999513,-0.004863794838544437
2022-07-08,6383.2,6404.439,-21.239000000000487,-0.0033162935894932386
2022-07-11,6303.8,6319.14,-15.340000000000146,-0.0024275455204347657
2022-07-12,6225.6,6241.479,-15.878999999999905,-0.0025441085358133713
2022-07-13,6240.2,6268.494,-28.29399999999987,-0.004513683829002607
2022-07-14,6302.8,6302.432,0.3680000000003929,5.8390157958133134e-05
2022-07-15,6253.0,6196.8,56.19999999999982,0.009069197004905728
2022-07-18,6270.0,6312.356,-42.35599999999977,-0.0067100144541910765
2022-07-19,6287.4,6335.709,-48.3090000000002,-0.007624876710720173
2022-07-20,6373.0,6410.709,-37.70899999999983,-0.005882188693949427
2022-07-21,6310.2,6347.598,-37.39800000000014,-0.005891677450273337
2022-07-22,6244.8,6289.533,-44.733000000000175,-0.007112292756870847
2022-07-25,6173.6,6231.236,-57.63599999999951,-0.009249529306866167
2022-07-26,6273.4,6307.956,-34.556000000000495,-0.005478161230040364
2022-07-27,6298.0,6332.233,-34.233000000000175,-0.0054061497737054485
2022-07-28,6305.6,6348.166,-42.5659999999998,-0.006705243687704417
2022-07-29,6255.2,6294.114,-38.91399999999976,-0.006182601713283198
2022-08-01,6311.4,6347.221,-35.82099999999991,-0.00564357220270098
2022-08-02,6167.4,6169.996,-2.5960000000004584,-0.0004207458157185934
2022-08-03,6102.6,6124.315,-21.714999999999236,-0.003545702662256797
2022-08-04,6124.4,6158.735,-34.335000000000036,-0.005575008504181466
2022-08-05,6258.0,6270.511,-12.511000000000422,-0.0019952121924354206
2022-08-08,6291.4,6323.075,-31.675000000000182,-0.005009429747393504
2022-08-09,6309.4,6341.481,-32.08100000000013,-0.005058912894322341
2022-08-10,6291.0,6322.056,-31.055999999999585,-0.0049123259901525055
2022-08-11,6426.2,6439.359,-13.15900000000056,-0.002043526382051468
2022-08-12,6418.4,6420.853,-2.4530000000004293,-0.00038203646774041225
2022-08-15,6429.0,6442.809,-13.809000000000196,-0.002143319784895097
2022-08-16,6454.0,6465.187,-11.186999999999898,-0.0017303443813767333
2022-08-17,6492.4,6493.505,-1.105000000000473,-0.00017017003913918184
2022-08-18,6471.4,6468.806,2.594000000000051,0.00040100135944717635
2022-08-19,6350.2,6391.716,-41.51600000000053,-0.006495282331067358
2022-08-22,6428.6,6472.68,-44.07999999999993,-0.006810162096689458
2022-08-23,6432.0,6466.405,-34.404999999999745,-0.00532057611609538
2022-08-24,6247.4,6284.577,-37.17700000000059,-0.005915593046278308
2022-08-25,6278.4,6322.696,-44.29600000000028,-0.0070058721785770306
2022-08-26,6269.0,6298.374,-29.373999999999796,-0.00466374337249579
2022-08-29,6272.0,6310.402,-38.402000000000044,-0.006085507706165161
2022-08-30,6267.0,6285.927,-18.92699999999968,-0.0030110117409889873
2022-08-31,6139.4,6155.746,-16.34600000000046,-0.002655405210026609
2022-09-01,6115.0,6126.769,-11.769000000000233,-0.0019209145962578698
2022-09-02,6130.2,6149.427,-19.22699999999986,-0.0031266327740779526
2022-09-05,6158.4,6182.647,-24.2470000000003,-0.003921783016238886
2022-09-06,6272.6,6291.571,-18.97099999999955,-0.0030153041267434715
2022-09-07,6293.0,6301.564,-8.564000000000306,-0.0013590276953467908
2022-09-08,6269.6,6272.575,-2.9749999999994543,-0.0004742868758045068
2022-09-09,6314.6,6316.972,-2.371999999999389,-0.0003754963612312021
2022-09-13,6292.6,6300.422,-7.821999999999207,-0.0012415041405161762
2022-09-14,6252.8,6249.963,2.837000000000444,0.00045392268722237937
2022-09-15,6100.6,6107.796,-7.195999999999913,-0.0011781663958652046
2022-09-16,5918.0,5954.504,-36.503999999999905,-0.006130485427501586
2022-09-19,5876.8,5913.149,-36.34900000000016,-0.0061471476534753575
2022-09-20,5918.6,5958.292,-39.69200000000001,-0.006661640617814636
2022-09-21,5949.2,5978.581,-29.381000000000313,-0.004914376839587908
2022-09-22,5938.6,5965.885,-27.284999999999854,-0.004573504182531151
2022-09-23,5873.4,5889.602,-16.202000000000226,-0.0027509498944071646
2022-09-26,5804.4,5806.318,-1.9180000000005748,-0.0003303298234785926
2022-09-27,5912.6,5920.053,-7.45299999999952,-0.0012589414317742628
2022-09-28,5772.0,5769.52,2.4799999999995634,0.0004298451170980538
2022-09-29,5790.8,5771.881,18.91899999999987,0.00327778760511519
2022-09-30,5710.2,5714.063,-3.8630000000002838,-0.0006760513491013808
2022-10-10,5639.8,5635.711,4.088999999999942,0.0007255517538070958
2022-10-11,5682.8,5684.506,-1.706000000000131,-0.0003001140292577985
2022-10-12,5812.8,5820.454,-7.653999999999542,-0.0013150176944959177
2022-10-13,5830.2,5830.336,-0.136000000000422,-2.3326271419078076e-05
2022-10-14,5983.8,5973.439,10.360999999999876,0.001734511727666404
2022-10-17,6002.4,6015.596,-13.195999999999913,-0.0021936313542332154
2022-10-18,6035.2,6035.674,-0.47400000000016007,-7.853306855210537e-05
2022-10-19,5981.2,5972.723,8.476999999999862,0.0014192856424113192
2022-10-20,5964.6,5948.862,15.738000000000284,0.002645548005652221
2022-10-21,5943.8,5956.881,-13.081000000000131,-0.0021959478458609683
2022-10-24,5897.2,5896.903,0.2969999999995707,5.0365420628348595e-05
2022-10-25,5863.6,5869.781,-6.180999999999585,-0.0010530205471038162
2022-10-26,5975.8,5971.601,4.199000000000524,0.0007031615139726389
2022-10-27,5971.2,5963.004,8.195999999999913,0.00137447501292971
2022-10-28,5771.0,5781.797,-10.79699999999957,-0.001867412501684091
2022-10-31,5805.0,5807.106,-2.105999999999767,-0.0003626591283161987
2022-11-01,5965.4,5941.145,24.2549999999992,0.00408254637784454
2022-11-02,6001.4,5997.804,3.595999999999549,0.0005995527696469489
2022-11-03,6003.0,5996.719,6.280999999999949,0.0010474060898968168
2022-11-04,6156.2,6133.463,22.73700000000008,0.003707041193531302
2022-11-07,6136.4,6141.409,-5.0090000000000146,-0.0008156108801742426
2022-11-08,6144.8,6134.256,10.543999999999869,0.001718871856668497
2022-11-09,6123.2,6120.829,2.3710000000000946,0.0003873658290404935
2022-11-10,6106.0,6089.695,16.30500000000029,0.0026774739950030818
2022-11-11,6139.6,6138.621,0.9790000000002692,0.0001594820726023433
2022-11-14,6126.4,6129.513,-3.1130000000002838,-0.0005078706905426718
2022-11-15,6231.2,6236.384,-5.1840000000001965,-0.0008312509300261491
2022-11-16,6206.4,6203.917,2.482999999999265,0.00040023101534067347
2022-11-17,6215.2,6217.205,-2.005000000000109,-0.0003224921809720138
2022-11-18,6215.6,6191.648,23.952000000000226,0.0038684369654089228
2022-11-21,6204.2,6189.709,14.490999999999985,0.0023411439859289
2022-11-22,6136.6,6125.4,11.200000000000728,0.0018284520194600726
2022-11-23,6128.6,6115.605,12.9950000000008,0.0021248919771634698
2022-11-24,6133.4,6120.066,13.333999999999833,0.0021787346737763666
2022-11-25,6096.2,6087.859,8.34099999999944,0.001370104005365341
2022-11-28,6074.8,6055.284,19.51600000000053,0.0032229702190682604
2022-11-29,6172.8,6163.821,8.97900000000027,0.0014567262741731581
2022-11-30,6163.8,6156.147,7.653000000000247,0.0012431477026133794
2022-12-01,6190.0,6186.102,3.8980000000001382,0.0006301221674004305
2022-12-02,6176.0,6168.013,7.98700000000008,0.0012949064796069789
2022-12-05,6209.6,6215.124,-5.5239999999994325,-0.0008887996442226145
2022-12-06,6214.6,6211.252,3.3479999999999563,0.000539021762440158
2022-12-07,6201.2,6204.005,-2.805000000000291,-0.0004521272951908148
2022-12-08,6192.2,6186.284,5.916000000000167,0.0009563091510186353
2022-12-09,6204.2,6192.301,11.898999999999432,0.0019215797164897882
2022-12-12,6169.6,6154.809,14.791000000000167,0.002403161495344562
2022-12-13,6137.0,6121.662,15.337999999999738,0.0025055287273292345
2022-12-14,6104.0,6096.386,7.613999999999578,0.0012489366650995488
2022-12-15,6100.0,6101.879,-1.8789999999999054,-0.00030793793190587776
2022-12-16,6052.8,6072.863,-20.063000000000102,-0.003303713586161931
2022-12-19,5971.8,5936.475,35.32499999999982,0.005950500928581324
2022-12-20,5897.4,5878.031,19.368999999999687,0.0032951510463282156
2022-12-21,5865.8,5845.835,19.965000000000146,0.003415252055523316
2022-12-22,5802.0,5779.056,22.944000000000415,0.003970198592988269
2022-12-23,5791.8,5763.346,28.454000000000633,0.004937062602175999
2022-12-26,5860.6,5843.256,17.34400000000005,0.0029682081360118484
2022-12-27,5897.6,5885.662,11.938000000000102,0.0020283189894357
2022-12-28,5882.4,5862.097,20.302999999999884,0.003463436377801303
2022-12-29,5869.4,5857.402,11.997999999999593,0.002048348397463516
2022-12-30,5870.8,5864.467,6.333000000000538,0.0010798935350817968
2023-01-03,5958.8,5955.897,2.9030000000002474,0.000487416085268138
2023-01-04,5957.0,5952.454,4.5460000000002765,0.0007637186276450481
2023-01-05,6019.4,6010.464,8.935999999999694,0.0014867404579745748
2023-01-06,6024.2,6012.815,11.385000000000218,0.00189345589378689
2023-01-09,6033.6,6040.019,-6.418999999999869,-0.0010627450012988151
2023-01-10,6051.8,6048.297,3.503000000000611,0.0005791712940023632
2023-01-11,6025.2,6014.157,11.042999999999665,0.0018361675626359048
2023-01-12,6021.6,6015.287,6.313000000000102,0.0010494927340956636
2023-01-13,6082.0,6057.69,24.3100000000004,0.004013080893872153
2023-01-16,6132.0,6126.177,5.82300000000032,0.0009505112242105183
2023-01-17,6137.2,6132.639,4.560999999999694,0.0007437254989246382
2023-01-18,6153.4,6151.456,1.9439999999995052,0.00031602274323339145
2023-01-19,6211.2,6204.326,6.873999999999796,0.001107936623575195
2023-01-20,6244.2,6251.434,-7.234000000000378,-0.0011571744978832663
2023-01-30,6282.6,6283.327,-0.7269999999998618,-0.00011570303439560948
2023-01-31,6302.0,6289.15,12.850000000000364,0.0020432013865149287
2023-02-01,6361.0,6365.905,-4.904999999999745,-0.0007705110271045115
2023-02-02,6369.0,6370.141,-1.1409999999996217,-0.0001791169143665143
2023-02-03,6343.2,6343.686,-0.4859999999998763,-7.661161034765534e-05
2023-02-06,6312.2,6302.335,9.864999999999782,0.001565292863676682
2023-02-07,6320.0,6317.238,2.7619999999997162,0.00043721639108732586
2023-02-08,6266.0,6268.276,-2.27599999999984,-0.00036309824264276814
2023-02-09,6363.0,6354.562,8.438000000000102,0.001327864926016947
2023-02-10,6337.4,6334.252,3.1479999999992287,0.0004969805432431847
2023-02-13,6371.2,6383.828,-12.628000000000611,-0.001978123470745235
2023-02-14,6395.8,6397.215,-1.4149999999999636,-0.00022119000221189434
2023-02-15,6379.0,6384.348,-5.347999999999956,-0.0008376736355850209
2023-02-16,6272.2,6289.479,-17.27900000000045,-0.0027472863809546787
2023-02-17,6236.6,6237.405,-0.8049999999993815,-0.00012906008187689937
2023-02-20,6327.6,6346.068,-18.467999999999847,-0.0029101484572809254
2023-02-21,6355.0,6383.425,-28.425000000000182,-0.0044529386653716745
2023-02-22,6363.0,6375.068,-12.068000000000211,-0.0018929994158494012
2023-02-23,6351.8,6360.32,-8.519999999999527,-0.0013395552425034475
2023-02-24,6339.4,6340.844,-1.4440000000004147,-0.0002277299362672248
2023-02-27,6302.6,6307.206,-4.605999999999767,-0.0007302758146792362
2023-02-28,6345.8,6357.535,-11.734999999999673,-0.0018458411947397336
2023-03-01,6387.0,6402.141,-15.140999999999622,-0.0023649900869099293
2023-03-02,6381.0,6382.232,-1.231999999999971,-0.0001930359159616841
2023-03-03,6372.6,6390.318,-17.717999999999847,-0.0027726319723055796
2023-03-06,6364.0,6395.219,-31.21900000000005,-0.004881615469306063
2023-03-07,6276.6,6284.299,-7.698999999999614,-0.001225116755265721
2023-03-08,6288.0,6301.516,-13.515999999999622,-0.0021448806922016264
2023-03-09,6278.2,6285.952,-7.7520000000004075,-0.001233226088904339
2023-03-10,6203.0,6204.899,-1.899000000000342,-0.00030604849490706326
2023-03-13,6241.8,6245.003,-3.20299999999952,-0.0005128900658653839
2023-03-14,6197.0,6189.397,7.6030000000000655,0.001228391069436985
2023-03-15,6228.4,6224.64,3.759999999999309,0.0006040509973266419
2023-03-16,6155.0,6140.832,14.167999999999665,0.002307179222619942
2023-03-17,6200.2,6183.184,17.01599999999962,0.002751980209548935
2023-03-20,6165.2,6160.354,4.845999999999549,0.0007866431052500471
2023-03-21,6226.2,6234.679,-8.47900000000027,-0.0013599737853384705
2023-03-22,6264.2,6269.738,-5.538000000000466,-0.0008832904979443264
2023-03-23,6298.8,6305.759,-6.958999999999833,-0.0011035943492289878
2023-03-24,6308.6,6310.098,-1.4979999999995925,-0.00023739726387761212
2023-03-27,6296.2,6311.6,-15.400000000000546,-0.0024399518347171154
2023-03-28,6287.8,6279.922,7.878000000000611,0.0012544741797749417
2023-03-29,6261.2,6260.551,0.6489999999994325,0.0001036649968987446
2023-03-30,6303.0,6286.177,16.82300000000032,0.0026761893596060566
2023-03-31,6347.0,6339.818,7.181999999999789,0.0011328400909931151
2023-04-03,6406.0,6413.807,-7.806999999999789,-0.0012172177928022763
2023-04-04,6415.0,6408.899,6.100999999999658,0.0009519575827298351
2023-04-06,6411.4,6416.846,-5.445999999999913,-0.0008487035531162682
2023-04-07,6457.0,6464.466,-7.466000000000349,-0.0011549291155681458
2023-04-10,6420.4,6410.522,9.877999999999702,0.00154090415725891
2023-04-11,6416.0,6420.877,-4.8770000000004075,-0.0007595535625429995
2023-04-12,6436.2,6443.439,-7.2390000000004875,-0.0011234683838863822
2023-04-13,6408.0,6404.646,3.354000000000269,0.0005236823393518189
2023-04-14,6423.8,6431.069,-7.269000000000233,-0.001130294201477271
2023-04-17,6454.4,6459.24,-4.8400000000001455,-0.0007493141607991258
2023-04-18,6439.0,6449.853,-10.853000000000065,-0.001682674008229345
2023-04-19,6414.6,6416.97,-2.369999999999891,-0.0003693331899634704
2023-04-20,6404.0,6411.756,-7.756000000000313,-0.001209653018611487
2023-04-21,6289.6,6250.545,39.05500000000029,0.006248255152150779
2023-04-24,6204.0,6208.78,-4.779999999999745,-0.0007698774960619873
2023-04-25,6108.6,6118.153,-9.552999999999884,-0.0015614189445736129
2023-04-26,6131.6,6142.154,-10.554000000000087,-0.0017182897074869967
2023-04-27,6171.4,6157.936,13.463999999999942,0.0021864468873986254
2023-04-28,6254.6,6241.244,13.356000000000677,0.002139957995553559
2023-05-04,6256.6,6262.389,-5.78899999999976,-0.0009244076022744291
2023-05-05,6196.4,6200.576,-4.176000000000386,-0.0006734858180918007
2023-05-08,6229.4,6248.583,-19.182999999999993,-0.003069976024964379
2023-05-09,6175.6,6181.976,-6.375999999999294,-0.0010313854340423345
2023-05-10,6167.2,6173.809,-6.609000000000378,-0.0010704898710019015
2023-05-11,6147.4,6154.47,-7.0700000000006185,-0.0011487585446026414
2023-05-12,6082.2,6091.646,-9.445999999999913,-0.001550648215605423
2023-05-15,6154.2,6159.389,-5.189000000000306,-0.0008424536914295079
2023-05-16,6113.2,6110.827,2.3729999999995925,0.00038832714459100095
2023-05-17,6116.0,6122.052,-6.05199999999968,-0.0009885574313971328
2023-05-18,6122.6,6128.176,-5.576000000000022,-0.0009098955382482523
2023-05-19,6108.8,6117.083,-8.282999999999447,-0.0013540767715591643
2023-05-22,6093.8,6115.315,-21.514999999999418,-0.003518216150762376
2023-05-23,6030.4,6052.43,-22.030000000000655,-0.0036398603536101455
2023-05-24,5992.8,6005.791,-12.990999999999985,-0.0021630789349812514
2023-05-25,5966.6,5988.189,-21.588999999999942,-0.0036052636281186084
2023-05-26,6022.6,6034.983,-12.38299999999981,-0.002051869905847259
2023-05-29,6015.8,6025.155,-9.354999999999563,-0.0015526571515586843
2023-05-30,6047.6,6061.309,-13.708999999999833,-0.0022617226740956173
2023-05-31,6033.6,6047.802,-14.201999999999316,-0.0023482911642939562
2023-06-01,6047.0,6051.46,-4.460000000000036,-0.0007370122251489783
2023-06-02,6096.4,6105.218,-8.818000000000211,-0.0014443382693296474
2023-06-05,6080.0,6097.106,-17.105999999999767,-0.00280559334215278
2023-06-06,5962.0,5983.42,-21.420000000000073,-0.0035798924360984307
2023-06-07,5971.0,5987.011,-16.011000000000422,-0.002674289390816289
2023-06-08,5959.2,5966.148,-6.94800000000032,-0.0011645705067994156
2023-06-09,6009.4,6009.583,-0.18299999999999272,-3.0451364096309634e-05
2023-06-12,6016.0,6027.712,-11.712000000000444,-0.0019430258114522465
2023-06-13,6040.0,6044.037,-4.037000000000262,-0.0006679310533671885
2023-06-14,6042.8,6044.077,-1.2770000000000437,-0.00021128122623190334
2023-06-15,6093.6,6096.808,-3.207999999999629,-0.0005261769765424184
2023-06-16,6145.0,6148.013,-3.01299999999992,-0.0004900770378982478
2023-06-19,6109.8,6131.385,-21.585000000000036,-0.003520411782982154
2023-06-20,6106.2,6126.113,-19.913000000000466,-0.0032505113764634223
2023-06-21,5979.2,5990.846,-11.64599999999973,-0.0019439658438891155
2023-06-26,5890.0,5887.032,2.967999999999847,0.0005041589717874554
2023-06-27,5923.0,5948.003,-25.0029999999997,-0.004203595727843396
2023-06-28,5931.6,5942.311,-10.71099999999933,-0.001802497378545036
2023-06-29,5926.4,5940.578,-14.178000000000793,-0.0023866364518740084
2023-06-30,5992.8,5998.729,-5.929000000000087,-0.000988376037657325
2023-07-03,6020.4,6042.312,-21.912000000000262,-0.0036264264407399457
2023-07-04,6037.4,6055.258,-17.858000000000175,-0.0029491724382347
2023-07-05,6007.2,6020.821,-13.621000000000095,-0.0022623160529104077
2023-07-06,5966.6,5988.553,-21.95299999999952,-0.003665827120507996
2023-07-07,5951.0,5961.606,-10.605999999999767,-0.0017790508128178494
2023-07-10,5968.2,5984.281,-16.08100000000013,-0.0026872067003538324
2023-07-11,6019.6,6029.232,-9.631999999999607,-0.0015975500693951746
2023-07-12,5958.8,5962.794,-3.993999999999687,-0.0006698202218623832
2023-07-13,6051.2,6044.058,7.141999999999825,0.001181656430166591
2023-07-14,6026.2,6030.519,-4.319000000000415,-0.0007161904307076082
2023-07-17,6006.6,6012.69,-6.089999999999236,-0.0010128578057407311
2023-07-18,5997.4,6001.8,-4.400000000000546,-0.0007331133993136302
2023-07-19,5993.2,5993.413,-0.21299999999973807,-3.5539015916263085e-05
2023-07-20,5929.2,5925.484,3.7159999999994398,0.0006271217676057247
2023-07-21,5925.4,5925.626,-0.22600000000056752,-3.813943033201345e-05
2023-07-24,5916.4,5916.714,-0.3140000000003056,-5.306999797527911e-05
2023-07-25,6019.6,6016.631,2.969000000000051,0.0004934655291308459
2023-07-26,6005.0,6001.54,3.4600000000000364,0.000576518693535332
2023-07-27,5964.0,5961.184,2.8159999999998035,0.00047238937768064254
2023-07-28,6052.2,6043.244,8.956000000000131,0.0014819855031503164
2023-07-31,6094.4,6088.243,6.156999999999243,0.0010112934059956613
2023-08-01,6099.0,6098.879,0.12100000000009459,1.983971152733061e-05
2023-08-02,6075.8,6077.465,-1.6649999999999636,-0.0002739629105227202
2023-08-03,6093.2,6098.687,-5.48700000000008,-0.0008997018538580649
2023-08-04,6126.6,6128.556,-1.9559999999992215,-0.00031916164264456776
2023-08-07,6104.4,6090.731,13.668999999999869,0.0022442297977040638
2023-08-08,6077.2,6066.102,11.097999999999956,0.0018295109445901102
2023-08-09,6036.0,6021.751,14.248999999999796,0.0023662552636267748
2023-08-10,6030.4,6031.711,-1.311000000000604,-0.0002173512623533528
2023-08-11,5910.2,5913.35,-3.1500000000005457,-0.0005326929743716414
2023-08-14,5911.8,5916.803,-5.002999999999702,-0.0008455579812273118
2023-08-15,5880.2,5879.778,0.4219999999995707,7.177141722010094e-05
2023-08-16,5835.0,5833.216,1.7839999999996508,0.0003058347230755128
2023-08-17,5882.0,5874.361,7.639000000000124,0.001300396758047407
2023-08-18,5787.0,5777.797,9.20300000000043,0.0015928216238819796
2023-08-21,5714.8,5710.778,4.0219999999999345,0.0007042823237043944
2023-08-22,5731.2,5741.061,-9.860999999999876,-0.0017176267592349005
2023-08-23,5637.6,5629.5,8.100000000000364,0.001438848920863374
2023-08-24,5650.2,5652.673,-2.4729999999999563,-0.00043749213867491654
2023-08-25,5587.8,5581.212,6.587999999999738,0.001180388775771237
2023-08-28,5647.8,5644.141,3.6590000000005602,0.0006482828830818649
2023-08-29,5771.2,5770.316,0.8840000000000146,0.00015319784912992885
2023-08-30,5770.6,5775.153,-4.552999999999884,-0.0007883773815169717
2023-08-31,5742.4,5739.398,3.001999999999498,0.0005230513722866924
2023-09-01,5751.0,5750.803,0.19700000000011642,3.425608562840988e-05
2023-09-04,5833.8,5829.784,4.016000000000531,0.0006888762945592035
2023-09-05,5787.4,5788.715,-1.3150000000005093,-0.00022716613272557196
2023-09-06,5786.2,5790.381,-4.181000000000495,-0.0007220595674102437
2023-09-07,5701.6,5702.701,-1.100999999999658,-0.000193066408356261
2023-09-08,5697.0,5708.623,-11.622999999999593,-0.002036042667382238
2023-09-11,5760.0,5774.731,-14.730999999999767,-0.002550941333890664
2023-09-12,5769.0,5770.926,-1.9260000000003856,-0.00033374193327039464
2023-09-13,5712.4,5715.397,-2.9970000000002983,-0.0005243730225564905
2023-09-14,5709.4,5702.102,7.2979999999997744,0.0012798788937833407
2023-09-15,5694.6,5704.663,-10.062999999999192,-0.0017639955243629979
2023-09-18,5731.6,5719.689,11.911000000000058,0.0020824558817795964
2023-09-19,5707.6,5687.901,19.699000000000524,0.0034633162567352218
2023-09-20,5668.6,5651.006,17.59400000000005,0.003113427945395926
2023-09-21,5622.8,5611.919,10.881000000000313,0.0019389089543167522
2023-09-22,5726.6,5698.817,27.783000000000357,0.004875222348778766
2023-09-25,5687.2,5666.664,20.536000000000058,0.0036240017054125777
2023-09-26,5671.8,5646.654,25.14599999999973,0.004453256742842705
2023-09-27,5700.0,5674.345,25.654999999999745,0.004521226679026344
2023-09-28,5695.0,5690.77,4.229999999999563,0.0007433089019587091
2023-10-09,5658.2,5658.083,0.11700000000018917,2.0678381706346334e-05
2023-10-10,5635.4,5630.371,5.028999999999542,0.000893191585421199
2023-10-11,5621.2,5629.789,-8.588999999999942,-0.0015256344420723302
2023-10-12,5665.8,5671.642,-5.8419999999996435,-0.001030036804156476
2023-10-13,5643.8,5633.383,10.417000000000371,0.0018491552944297186
2023-10-16,5586.2,5580.667,5.532999999999447,0.000991458547875988
2023-10-17,5589.4,5595.342,-5.942000000000007,-0.0010619547473595015
2023-10-18,5527.4,5524.599,2.800999999999476,0.0005070051238107012
2023-10-19,5468.2,5464.027,4.1729999999997744,0.0007637224340216061
2023-10-20,5430.4,5423.675,6.724999999999454,0.0012399341774718164
2023-10-23,5267.0,5290.334,-23.333999999999833,-0.004410685601324951
2023-10-24,5315.8,5352.012,-36.211999999999534,-0.006766053588818473
2023-10-25,5347.8,5375.998,-28.19799999999941,-0.005245165641802585
2023-10-26,5379.4,5398.934,-19.53400000000056,-0.0036181216514224027
2023-10-27,5487.0,5492.027,-5.027000000000044,-0.0009153268911460275
2023-10-30,5527.8,5546.388,-18.587999999999738,-0.003351370297209596
2023-10-31,5515.4,5528.239,-12.838999999999942,-0.0023224393880221066
2023-11-01,5507.2,5509.966,-2.766000000000531,-0.0005019994678734009
2023-11-02,5459.4,5459.452,-0.05200000000058935,-9.52476548939149e-06
2023-11-03,5502.8,5510.357,-7.556999999999789,-0.0013714174961803362
2023-11-06,5596.0,5605.062,-9.061999999999898,-0.0016167528566142352
2023-11-07,5598.0,5611.098,-13.097999999999956,-0.0023343024841127272
2023-11-08,5593.0,5608.017,-15.016999999999825,-0.002677773623011454
2023-11-09,5582.8,5592.057,-9.256999999999607,-0.0016553836986997106
2023-11-10,5561.2,5573.1,-11.900000000000546,-0.002135256858839882
2023-11-13,5590.6,5605.569,-14.969000000000051,-0.0026703801166304527
2023-11-14,5616.6,5630.553,-13.95299999999952,-0.002478086965880531
2023-11-15,5655.6,5664.617,-9.016999999999825,-0.0015918110615421705
2023-11-16,5580.2,5609.361,-29.161000000000058,-0.005198631359258222
2023-11-17,5591.6,5631.423,-39.82299999999941,-0.007071569654774542
2023-11-20,5633.0,5659.773,-26.77300000000014,-0.0047304017316595805
2023-11-21,5617.2,5641.084,-23.884000000000015,-0.004233938016168526
2023-11-22,5550.8,5572.899,-22.09900000000016,-0.003965440608200536
2023-11-23,5612.4,5622.989,-10.588999999999942,-0.0018831621402780518
2023-11-24,5550.8,5570.421,-19.621000000000095,-0.003522354953063708
2023-11-27,5546.4,5566.507,-20.10699999999997,-0.003612139533822552
2023-11-28,5561.8,5591.496,-29.695999999999913,-0.005310922157504881
2023-11-29,5539.2,5553.335,-14.135000000000218,-0.0025453173633501703
2023-11-30,5518.2,5545.05,-26.850000000000364,-0.004842156517975557
2023-12-01,5536.0,5566.869,-30.868999999999687,-0.0055451277908640725
2023-12-04,5522.2,5559.068,-36.86800000000039,-0.006632046954633473
2023-12-05,5436.2,5460.409,-24.208999999999833,-0.004433550673585043
2023-12-06,5467.4,5481.824,-14.423999999999978,-0.002631240988400937
2023-12-07,5477.0,5481.136,-4.136000000000422,-0.0007545880999851896
2023-12-08,5498.4,5497.99,0.4099999999998545,7.457270748034364e-05
2023-12-11,5558.2,5564.854,-6.654000000000451,-0.0011957187016946808
2023-12-12,5570.2,5566.178,4.0219999999999345,0.0007225784011937697
2023-12-13,5513.6,5507.513,6.087000000000444,0.0011052175455601183
2023-12-14,5500.0,5489.327,10.672999999999774,0.0019443184929591139
2023-12-15,5456.0,5449.786,6.213999999999942,0.0011402282585040847
2023-12-18,5383.8,5385.27,-1.4700000000002547,-0.00027296681503439097
2023-12-19,5373.2,5379.874,-6.673999999999978,-0.0012405494998581712
2023-12-20,5320.2,5309.287,10.912999999999556,0.0020554549038316362
2023-12-21,5335.6,5338.762,-3.1619999999993524,-0.000592272140994364
2023-12-22,5322.4,5311.69,10.710000000000036,0.002016307427579553
2023-12-25,5316.2,5315.375,0.8249999999998181,0.0001552101215812277
2023-12-26,5270.4,5258.284,12.115999999999985,0.0023041737570659907
2023-12-27,5282.8,5285.53,-2.7299999999995634,-0.0005165044943458014
2023-12-28,5388.0,5382.797,5.203000000000429,0.0009665978486650026
2023-12-29,5431.8,5429.229,2.5709999999999127,0.0004735479015528563
2024-01-02,5394.2,5409.455,-15.25500000000011,-0.00282006227984152
2024-01-03,5388.6,5401.395,-12.795000000000073,-0.002368832496049645
2024-01-04,5347.8,5355.322,-7.5219999999999345,-0.0014045840754299992
2024-01-05,5282.2,5281.871,0.3289999999997235,6.228853374111627e-05
2024-01-08,5130.6,5167.7,-37.099999999999454,-0.007179209319426332
2024-01-09,5155.0,5180.653,-25.653000000000247,-0.0049516923831803145
2024-01-10,5138.8,5158.078,-19.278000000000247,-0.003737438635088544
2024-01-11,5209.6,5223.863,-14.26299999999992,-0.0027303549116812443
2024-01-12,5188.6,5206.178,-17.57799999999952,-0.0033763732242730695
2024-01-15,5178.2,5193.296,-15.096000000000458,-0.002906824490651112
2024-01-16,5173.4,5190.398,-16.998000000000502,-0.0032748933704121537
2024-01-17,5017.8,5061.54,-43.73999999999978,-0.00864163871074807
2024-01-18,5045.0,5066.958,-21.95799999999963,-0.004333566609393571
2024-01-19,4950.8,5018.433,-67.63299999999981,-0.013476916001468947
2024-01-22,4645.6,4780.975,-135.375,-0.02831535408572519
2024-01-23,4800.4,4865.743,-65.34300000000076,-0.013429192622791781
2024-01-24,4890.2,4933.701,-43.501000000000204,-0.008817113157039756
2024-01-25,5060.0,5073.178,-13.177999999999884,-0.002597582816924595
2024-01-26,4992.6,5027.093,-34.49299999999948,-0.006861420705763646
2024-01-29,4893.2,4927.914,-34.71399999999994,-0.0070443599462165826
2024-01-30,4767.8,4814.991,-47.1909999999998,-0.009800849056623326
2024-01-31,4657.4,4696.98,-39.57999999999993,-0.008426691193064465
2024-02-01,4648.8,4678.731,-29.930999999999585,-0.006397247458765975
2024-02-02,4512.8,4563.222,-50.42199999999957,-0.011049648691209758
2024-02-05,4380.0,4460.264,-80.26400000000012,-0.01799534736060469
2024-02-06,4822.6,4805.901,16.699000000000524,0.003474686640444846
2024-02-07,5128.6,5109.569,19.03099999999995,0.003724580292388643
2024-02-08,5110.6,5150.229,-39.628999999999905,-0.007694609307663776
2024-02-19,5083.4,5141.604,-58.20400000000063,-0.011320202800526962
2024-02-20,5097.4,5140.958,-43.55799999999999,-0.008472739905675167
2024-02-21,5107.2,5139.037,-31.837000000000444,-0.00619512955442828
2024-02-22,5159.2,5176.343,-17.14300000000003,-0.0033117975373733984
2024-02-23,5186.0,5197.712,-11.712000000000444,-0.0022532991439311073
2024-02-26,5168.2,5195.464,-27.264000000000124,-0.00524765449245729
2024-02-27,5307.8,5307.804,-0.0039999999999054126,-7.536073298685129e-07
2024-02-28,5175.2,5184.047,-8.846999999999753,-0.0017065817497410331
2024-02-29,5346.4,5346.793,-0.3930000000000291,-7.350200391150903e-05
2024-03-01,5382.6,5379.048,3.5520000000005894,0.0006603398965766042
2024-03-04,5377.0,5388.82,-11.819999999999709,-0.002193430101580626
2024-03-05,5334.8,5351.827,-17.027000000000044,-0.0031815303446841693
2024-03-06,5342.8,5350.102,-7.30199999999968,-0.0013648337919538133
2024-03-07,5272.4,5277.299,-4.899000000000342,-0.0009283157918473715
2024-03-08,5346.2,5349.595,-3.3950000000004366,-0.0006346274811458505
2024-03-11,5456.2,5441.051,15.148999999999432,0.0027842047427968294
2024-03-12,5427.6,5423.718,3.8820000000005166,0.0007157451770170419
2024-03-13,5417.0,5415.113,1.8869999999997162,0.00034846918245283454
2024-03-14,5399.0,5392.927,6.07300000000032,0.0011261046181415622
2024-03-15,5412.2,5454.146,-41.94599999999991,-0.007690663212902609
2024-03-18,5533.0,5528.447,4.552999999999884,0.0008235585870679204
2024-03-19,5472.2,5478.225,-6.025000000000546,-0.0010998087884306587
2024-03-20,5486.0,5493.414,-7.41399999999976,-0.001349616103938236
2024-03-21,5457.8,5465.829,-8.028999999999542,-0.0014689446010842165
2024-03-22,5367.0,5384.566,-17.565999999999804,-0.0032622870626898815
2024-03-25,5293.8,5294.746,-0.9459999999999127,-0.0001786676830200944
2024-03-26,5267.4,5284.419,-17.019000000000233,-0.00322060003190516
2024-03-27,5150.6,5156.684,-6.083999999999833,-0.0011798279669647843
2024-03-28,5216.8,5223.806,-7.005999999999403,-0.001341167723303546
2024-03-29,5288.4,5286.161,2.238999999999578,0.00042355879815230335
2024-04-01,5404.0,5401.225,2.774999999999636,0.0005137723386823611
2024-04-02,5381.8,5381.229,0.5709999999999127,0.00010610958946365462
2024-04-03,5372.0,5374.595,-2.5950000000002547,-0.00048282707813337647
2024-04-08,5286.2,5298.591,-12.391000000000531,-0.002338546228610687
2024-04-09,5334.2,5342.898,-8.69800000000032,-0.0016279554653673568
2024-04-10,5269.0,5275.473,-6.472999999999956,-0.0012269989818922316
2024-04-11,5303.0,5301.809,1.1909999999998035,0.00022464030673300444
2024-04-12,5263.2,5277.219,-14.019000000000233,-0.002656512833748274
2024-04-15,5345.0,5339.722,5.278000000000247,0.0009884409712715846
2024-04-16,5198.0,5191.554,6.445999999999913,0.001241632081646442
2024-04-17,5341.8,5339.747,2.0529999999998836,0.00038447514460888943
2024-04-18,5353.4,5349.836,3.563999999999396,0.0006661886457826737
2024-04-19,5288.0,5314.867,-26.86700000000019,-0.005055065347825296
2024-04-22,5246.2,5267.581,-21.381000000000313,-0.004058978874743513
2024-04-23,5185.6,5208.271,-22.670999999999367,-0.0043528840953167315
2024-04-24,5251.0,5263.039,-12.03899999999976,-0.0022874616737591645
2024-04-25,5246.8,5259.335,-12.534999999999854,-0.0023833811689120115
2024-04-26,5373.4,5372.121,1.2789999999995416,0.00023808101120573077
2024-04-29,5484.8,5478.491,6.3090000000001965,0.0011515944810350507
2024-04-30,5442.0,5441.141,0.8590000000003783,0.00015787129942054036
2024-05-06,5523.4,5528.604,-5.204000000000633,-0.0009412864441006505
2024-05-07,5522.0,5527.085,-5.085000000000036,-0.0009200147998447711
2024-05-08,5450.6,5458.756,-8.155999999999949,-0.001494113310798275
2024-05-09,5548.6,5556.771,-8.170999999999367,-0.001470458293134514
2024-05-10,5530.8,5535.395,-4.595000000000255,-0.0008301123948697887
2024-05-13,5497.0,5505.26,-8.260000000000218,-0.0015003832698183587
2024-05-14,5488.6,5500.738,-12.13799999999992,-0.0022066130035642345
2024-05-15,5443.4,5446.656,-3.256000000000313,-0.000597797988343731
2024-05-16,5378.4,5424.665,-46.26500000000033,-0.008528637252254346
2024-05-17,5460.4,5491.894,-31.494000000000597,-0.0057346336254852324
2024-05-20,5474.0,5523.501,-49.501000000000204,-0.008961888483409381
2024-05-21,5440.6,5478.913,-38.31299999999919,-0.0069928104352084425
2024-05-22,5424.0,5468.607,-44.60699999999997,-0.008156921863282545
2024-05-23,5326.0,5362.305,-36.30500000000029,-0.006770409366867474
2024-05-24,5270.4,5313.455,-43.05500000000029,-0.00810301395231545
2024-05-27,5322.4,5371.369,-48.96900000000005,-0.00911667025668876
2024-05-28,5280.0,5316.129,-36.128999999999905,-0.006796110478131721
2024-05-29,5290.0,5328.306,-38.305999999999585,-0.007189151674096718
2024-05-30,5287.0,5308.66,-21.659999999999854,-0.004080125681433706
2024-05-31,5282.2,5308.54,-26.340000000000146,-0.004961816243260886
2024-06-03,5239.8,5274.069,-34.26900000000023,-0.006497639678206757
2024-06-04,5307.2,5341.95,-34.75,-0.00650511517329814
2024-06-05,5247.6,5277.941,-30.34099999999944,-0.005748643268274397
2024-06-06,5208.2,5228.8,-20.600000000000364,-0.003939718482252211
2024-06-07,5178.0,5208.98,-30.979999999999563,-0.005947421568138016
2024-06-11,5198.6,5217.47,-18.86999999999989,-0.0036166954481769687
2024-06-12,5210.0,5232.953,-22.95300000000043,-0.004386242337739404
2024-06-13,5184.0,5194.59,-10.590000000000146,-0.002038659451467805
2024-06-14,5211.6,5213.093,-1.4929999999994834,-0.00028639427687161606
2024-06-17,5198.2,5207.128,-8.927999999999884,-0.001714572793294093
2024-06-18,5226.6,5230.891,-4.290999999999258,-0.0008203191387469665
2024-06-19,5169.2,5168.82,0.38000000000010914,7.351774679716243e-05
2024-06-20,5091.0,5094.565,-3.5649999999996,-0.0006997653381593129
2024-06-21,5106.8,5102.329,4.471000000000458,0.0008762665049628236
2024-06-24,4965.0,4992.91,-27.909999999999854,-0.005589926515799375
2024-06-25,4923.4,4948.634,-25.23400000000038,-0.005099184946795495
2024-06-26,4990.2,5020.432,-30.23199999999997,-0.006021792546936194
2024-06-27,4908.0,4928.051,-20.051000000000386,-0.004068748476831994
2024-06-28,4909.0,4942.782,-33.78200000000015,-0.006834612572433936
2024-07-01,4968.2,5003.161,-34.96100000000024,-0.006987782324014806
2024-07-02,4924.6,4949.477,-24.876999999999498,-0.005026187615378251
2024-07-03,4879.8,4910.925,-31.125,-0.00633790986423128
2024-07-04,4803.8,4834.498,-30.69799999999941,-0.006349780266741121
2024-07-05,4842.0,4866.265,-24.265000000000327,-0.004986370450437929
2024-07-08,4762.4,4783.617,-21.217000000000553,-0.0044353467261280645
2024-07-09,4854.8,4876.899,-22.09900000000016,-0.004531363064931252
2024-07-10,4831.4,4844.162,-12.762000000000626,-0.0026345113974306856
2024-07-11,4925.4,4939.732,-14.332000000000335,-0.0029013719772652312
2024-07-12,4908.0,4919.364,-11.363999999999578,-0.0023100547143898235
2024-07-15,4862.6,4883.897,-21.29699999999957,-0.004360657073644176
2024-07-16,4881.2,4898.363,-17.163000000000466,-0.003503823624341533
2024-07-17,4851.2,4856.579,-5.378999999999905,-0.0011075697522885772
2024-07-18,4879.2,4877.692,1.5079999999998108,0.00030916261215341415
2024-07-19,4846.2,4872.053,-25.853000000000065,-0.005306387266312593
2024-07-22,4834.4,4865.978,-31.57800000000043,-0.006489548452541386
2024-07-23,4691.0,4722.799,-31.798999999999978,-0.006733083495613508
2024-07-24,4631.4,4668.062,-36.66200000000026,-0.007853794572565716
2024-07-25,4627.2,4665.449,-38.248999999999796,-0.008198353470373334
2024-07-26,4709.4,4736.377,-26.97700000000077,-0.005695703699262277
2024-07-29,4679.4,4708.844,-29.444000000000415,-0.006252914728115949
2024-07-30,4673.0,4699.282,-26.282000000000153,-0.005592769278370643
2024-07-31,4890.2,4886.414,3.786000000000058,0.0007748013164664432
2024-08-01,4841.0,4852.973,-11.972999999999956,-0.0024671474578572676
2024-08-02,4777.8,4788.616,-10.815999999999804,-0.002258690193575723
2024-08-05,4689.8,4693.848,-4.0479999999997744,-0.0008624054294045683
2024-08-06,4738.2,4750.776,-12.576000000000022,-0.0026471464872265126
2024-08-07,4735.6,4751.941,-16.34099999999944,-0.0034388053218673046
2024-08-08,4752.4,4755.815,-3.4149999999999636,-0.0007180683016475544
2024-08-09,4707.8,4720.31,-12.510000000000218,-0.0026502496658058934
2024-08-12,4717.6,4714.159,3.441000000000713,0.0007299287105082186
2024-08-13,4729.2,4731.835,-2.6350000000002183,-0.0005568664165171056
2024-08-14,4653.8,4667.073,-13.273000000000138,-0.0028439666574746393
2024-08-15,4661.2,4698.375,-37.17500000000018,-0.007912310107217959
2024-08-16,4642.8,4670.379,-27.578999999999724,-0.005905088216609343
2024-08-19,4662.0,4682.963,-20.962999999999738,-0.004476439382502005
2024-08-20,4572.0,4602.01,-30.01000000000022,-0.006521063622199912
2024-08-21,4570.6,4587.122,-16.521999999999935,-0.0036018226678950186
2024-08-22,4514.6,4533.37,-18.769999999999527,-0.004140407687878891
2024-08-23,4518.6,4537.087,-18.48700000000008,-0.004074640843342894
2024-08-26,4527.0,4544.359,-17.35900000000038,-0.0038199006724601594
2024-08-27,4480.2,4495.286,-15.08600000000024,-0.0033559599989856576
2024-08-28,4483.0,4500.009,-17.009000000000015,-0.0037797702182373444
2024-08-29,4547.2,4557.901,-10.701000000000022,-0.0023477912310951956
2024-08-30,4628.4,4639.114,-10.713999999999942,-0.002309492717790497
2024-09-02,4532.4,4546.883,-14.483000000000175,-0.0031852590005065394
2024-09-03,4576.0,4596.482,-20.48199999999997,-0.004456016579636333
2024-09-04,4569.2,4582.084,-12.884000000000015,-0.0028118209967342403
2024-09-05,4592.4,4601.091,-8.691000000000713,-0.0018888998283234809
2024-09-06,4524.2,4537.454,-13.253999999999905,-0.0029210213480951887
2024-09-09,4494.6,4507.187,-12.586999999999534,-0.0027926509372696393
2024-09-10,4493.0,4507.707,-14.707000000000335,-0.0032626344170107627
2024-09-11,4509.2,4514.916,-5.716000000000349,-0.0012660257688072933
2024-09-12,4496.4,4496.592,-0.19200000000000728,-4.2699004045732254e-05
2024-09-13,4444.8,4450.959,-6.158999999999651,-0.0013837467386241147
2024-09-18,4460.0,4462.87,-2.869999999999891,-0.0006430839347773722
2024-09-19,4530.0,4520.394,9.605999999999767,0.0021250360034987584
2024-09-20,4483.8,4498.39,-14.590000000000146,-0.0032433826324529762
2024-09-23,4478.4,4494.688,-16.288000000000466,-0.003623833289429759
2024-09-24,4705.6,4689.596,16.004000000000815,0.0034126607068073276
2024-09-25,4730.8,4731.476,-0.6759999999994761,-0.00014287296395447768
2024-09-26,4995.2,4938.184,57.01599999999962,0.011545944825061119
2024-09-27,5430.2,5201.666,228.53399999999965,0.04393477012941616
2024-09-30,5902.8,5743.217,159.58300000000054,0.027786343437832935
2024-10-08,6098.2,6155.582,-57.38200000000052,-0.009321945512219725
2024-10-09,5790.8,5735.641,55.15900000000056,0.009616885017733948
2024-10-10,5712.6,5690.882,21.718000000000757,0.003816280147787418
2024-10-11,5485.0,5470.813,14.186999999999898,0.002593216035715331
2024-10-14,5605.4,5608.153,-2.753000000000611,-0.0004908924560368826
2024-10-15,5456.4,5472.56,-16.160000000000764,-0.0029529141754500205
2024-10-16,5463.8,5461.088,2.712000000000444,0.0004966043396481514
2024-10-17,5407.0,5418.988,-11.988000000000284,-0.002212221174876247
2024-10-18,5646.0,5640.02,5.979999999999563,0.0010602799280852839
2024-10-21,5682.4,5704.225,-21.825000000000728,-0.0038261113472909513
2024-10-22,5750.0,5753.85,-3.850000000000364,-0.0006691171997880313
2024-10-23,5755.8,5776.383,-20.58299999999963,-0.003563302502621386
2024-10-24,5710.0,5726.704,-16.703999999999724,-0.002916861077506315
2024-10-25,5797.0,5809.688,-12.688000000000102,-0.0021839382768919953
2024-10-28,5857.8,5883.72,-25.920000000000073,-0.004405376190573323
2024-10-29,5800.8,5812.529,-11.72900000000027,-0.002017882405403959
2024-10-30,5814.4,5837.934,-23.53400000000056,-0.004031220633875025
2024-10-31,5859.6,5901.29,-41.6899999999996,-0.00706455707141991
2024-11-01,5821.0,5831.822,-10.822000000000116,-0.001855680780380491
2024-11-04,5917.4,5928.909,-11.509000000000015,-0.0019411665788764874
2024-11-05,6093.8,6111.971,-18.170999999999367,-0.0029730180329715847
2024-11-06,6096.0,6125.787,-29.787000000000262,-0.004862558884270749
2024-11-07,6207.8,6239.56,-31.76000000000022,-0.0050901025072281085
2024-11-08,6174.0,6222.445,-48.44499999999971,-0.0077855248218344575
2024-11-11,6240.0,6330.615,-90.61499999999978,-0.014313775201935323
2024-11-12,6184.0,6263.883,-79.88299999999981,-0.012752952122509282
2024-11-13,6186.4,6259.841,-73.44100000000071,-0.011732087124896736
2024-11-14,6057.4,6078.305,-20.905000000000655,-0.0034392811811846647
2024-11-15,5913.2,5924.483,-11.283000000000357,-0.0019044699765364095
2024-11-18,5822.0,5833.036,-11.036000000000058,-0.0018919821513188086
2024-11-19,5890.2,5936.602,-46.402000000000044,-0.00781625583119772
2024-11-20,5943.8,5992.39,-48.590000000000146,-0.0081086177635301
2024-11-21,5933.4,5985.313,-51.913000000000466,-0.008673397698666797
2024-11-22,5709.0,5750.246,-41.246000000000095,-0.007172910515480572
2024-11-25,5688.8,5735.649,-46.84900000000016,-0.00816803817667367
2024-11-26,5652.8,5690.479,-37.67900000000009,-0.006621410956792932
2024-11-27,5767.6,5804.937,-37.336999999999534,-0.006431938882368497
2024-11-28,5723.6,5757.597,-33.99699999999939,-0.005904720319952819
2024-11-29,5822.4,5851.939,-29.53900000000067,-0.005047728624649141
2024-12-02,5912.0,5943.625,-31.625,-0.0053208269364234785
2024-12-03,5903.2,5932.121,-28.921000000000276,-0.004875321996972125
2024-12-04,5860.0,5879.27,-19.270000000000437,-0.003277617799488786
2024-12-05,5878.0,5901.986,-23.985999999999876,-0.004064055726326676
2024-12-06,5963.4,5979.197,-15.79700000000048,-0.002641993565356766
2024-12-09,5922.6,5947.109,-24.509000000000015,-0.0041211620637859525
2024-12-10,5991.4,5992.094,-0.6940000000004147,-0.00011581927786854057
2024-12-11,6036.4,6047.105,-10.704999999999927,-0.0017702685830657692
2024-12-12,6093.0,6100.395,-7.395000000000437,-0.001212216585975242
2024-12-13,5998.2,5988.292,9.907999999999447,0.0016545619351894408
2024-12-16,5908.0,5912.601,-4.600999999999658,-0.0007781685251549459
2024-12-17,5850.8,5848.163,2.6370000000006257,0.0004509108244761006
2024-12-18,5888.6,5888.616,-0.01599999999962165,-2.7171070417262137e-06
2024-12-19,5911.6,5901.916,9.684000000000196,0.0016408230818602291
2024-12-20,5927.6,5917.175,10.425000000000182,0.0017618204633123376
2024-12-23,5762.4,5818.551,-56.15100000000075,-0.009650340780720277
2024-12-24,5836.0,5895.26,-59.26000000000022,-0.010052143586542446
2024-12-25,5784.0,5840.289,-56.28899999999976,-0.009638050445791255
2024-12-26,5826.4,5887.061,-60.66100000000006,-0.01030412288916321
2024-12-27,5847.4,5899.167,-51.767000000000735,-0.008775306750936315
2024-12-30,5849.0,5898.884,-49.884000000000015,-0.00845651482551615
2024-12-31,5647.0,5725.732,-78.73199999999997,-0.013750556260754079
2025-01-02,5485.2,5545.817,-60.61700000000019,-0.010930220019881686
2025-01-03,5387.6,5427.804,-40.20399999999972,-0.007407047122556327
2025-01-06,5370.2,5427.101,-56.90099999999984,-0.010484603105783336
2025-01-07,5423.0,5484.685,-61.6850000000004,-0.011246771692449137
2025-01-08,5402.8,5461.586,-58.78600000000006,-0.010763540114538167
2025-01-09,5390.2,5456.586,-66.38600000000042,-0.012166215285528427
2025-01-10,5316.2,5369.281,-53.08100000000013,-0.00988605364479902
2025-01-13,5337.0,5381.697,-44.697000000000116,-0.008305372821992786
2025-01-14,5525.0,5572.272,-47.271999999999935,-0.008483433687372033
2025-01-15,5481.8,5522.459,-40.65899999999965,-0.007362481097641404
2025-01-16,5493.4,5545.634,-52.23400000000038,-0.009418941098529109
2025-01-17,5550.8,5587.294,-36.49399999999969,-0.006531605460532359
2025-01-20,5579.6,5614.331,-34.73099999999977,-0.0061861333077796385
2025-01-21,5595.0,5633.925,-38.92500000000018,-0.006909037660245775
2025-01-22,5572.6,5607.059,-34.45899999999983,-0.006145646050808424
2025-01-23,5540.2,5584.255,-44.05500000000029,-0.007889145463450414
2025-01-24,5638.6,5649.95,-11.349999999999454,-0.002008867335109064
2025-01-27,5532.8,5589.343,-56.542999999999665,-0.010116215805685868
2025-02-05,5567.8,5614.387,-46.586999999999534,-0.008297789233267948
2025-02-06,5712.8,5747.901,-35.10099999999966,-0.006106750968744879
2025-02-07,5807.6,5833.988,-26.38799999999992,-0.004523149516248563
2025-02-10,5844.0,5888.551,-44.551000000000386,-0.007565698250724224
2025-02-11,5822.8,5858.281,-35.48099999999977,-0.006056554815311824
2025-02-12,5902.6,5940.53,-37.92999999999938,-0.006384952184400951
2025-02-13,5873.0,5898.261,-25.261000000000422,-0.004282787757272935
2025-02-14,5925.0,5947.796,-22.796000000000276,-0.003832680206247873
2025-02-17,5909.4,5948.72,-39.32000000000062,-0.0066098253069568945
2025-02-18,5822.6,5840.711,-18.110999999999876,-0.0031008211157853684
2025-02-19,5913.4,5943.882,-30.48199999999997,-0.0051282983074024645
2025-02-20,5918.0,5957.547,-39.54699999999957,-0.006638134789368775
2025-02-21,6028.8,6057.065,-28.264999999999418,-0.004666451490944776
2025-02-24,5994.4,6044.973,-50.57300000000032,-0.008366125043073033
2025-02-25,5950.4,5979.965,-29.56500000000051,-0.004944008869617215
2025-02-26,5997.0,6051.74,-54.73999999999978,-0.00904533241679249
2025-02-27,5982.4,6028.986,-46.58600000000024,-0.007727004176158353
2025-02-28,5838.4,5859.871,-21.47100000000046,-0.003664073833707339
2025-03-03,5847.2,5885.77,-38.57000000000062,-0.006553093308097431
2025-03-04,5896.4,5937.63,-41.23000000000047,-0.006943847966276186
2025-03-05,5905.8,5950.703,-44.90300000000025,-0.007545831139614974
2025-03-06,6020.0,6047.773,-27.77300000000014,-0.004592268922791933
2025-03-07,5992.4,6013.775,-21.375,-0.0035543398281445517
2025-03-10,5961.2,6013.619,-52.41899999999987,-0.00871671451084611
2025-03-11,6011.0,6044.974,-33.97400000000016,-0.005620206141498733
2025-03-12,6019.0,6040.497,-21.4970000000003,-0.0035588131241519193
2025-03-13,5967.8,5993.967,-26.16699999999946,-0.004365556233459321
2025-03-14,6096.2,6099.981,-3.780999999999949,-0.0006198379962167012
2025-03-17,6083.0,6108.018,-25.01800000000003,-0.004095927680632249
2025-03-18,5963.6,6133.302,-169.70199999999932,-0.027668945700048575
2025-03-19,5948.4,6101.437,-153.03700000000026,-0.02508212409633997
2025-03-20,5902.4,6059.486,-157.08600000000024,-0.025923981010930672
2025-03-21,5810.6,5971.93,-161.32999999999993,-0.02701471718523156
2025-03-24,5802.0,5969.079,-167.07899999999972,-0.027990750331835068
2025-03-25,5794.0,5946.951,-152.95100000000002,-0.025719229904534277
2025-03-26,5795.0,5948.499,-153.4989999999998,-0.02580466097413815
2025-03-27,5819.0,5957.602,-138.60199999999986,-0.023264729668077837
2025-03-28,5766.8,5916.031,-149.23099999999977,-0.02522485091778589
2025-03-31,5710.8,5857.772,-146.97199999999975,-0.02509008544545601
2025-04-01,5738.6,5892.85,-154.25,-0.026175789303987035
2025-04-02,5759.4,5899.087,-139.6870000000008,-0.02367942700285668
2025-04-03,5712.2,5845.505,-133.3050000000003,-0.022804702074500027
2025-04-07,5139.0,5287.033,-148.03300000000036,-0.027999257806788864
2025-04-08,5139.4,5326.914,-187.51400000000012,-0.03520124409742679
2025-04-09,5262.8,5439.772,-176.97199999999975,-0.03253298116171041
2025-04-10,5381.2,5544.065,-162.86499999999978,-0.029376459330833927
2025-04-11,5424.2,5581.318,-157.1180000000004,-0.02815069845509616
2025-04-14,5437.4,5627.138,-189.73800000000028,-0.03371838401688394
2025-04-15,5415.6,5602.534,-186.9339999999993,-0.03336597332564145
2025-04-16,5366.6,5556.864,-190.2639999999992,-0.034239455923340795
2025-04-17,5406.6,5557.011,-150.41100000000006,-0.027066889016415487
2025-04-18,5400.0,5560.721,-160.72099999999955,-0.02890290665544982
2025-04-21,5499.8,5642.381,-142.58100000000013,-0.025269651234115547
2025-04-22,5486.0,5624.209,-138.20899999999983,-0.024573944531577657
2025-04-23,5495.0,5634.949,-139.94899999999961,-0.024835894699313094
2025-04-24,5478.0,5605.88,-127.88000000000011,-0.022811761935681837
2025-04-25,5498.6,5627.18,-128.57999999999993,-0.02284981109543322
2025-04-28,5471.0,5598.295,-127.29500000000007,-0.022738172961589212
2025-04-29,5487.2,5604.906,-117.70600000000013,-0.021000530606579332
2025-04-30,5497.0,5631.825,-134.82499999999982,-0.023939841880740227
2025-05-06,5622.0,5740.334,-118.33399999999983,-0.02061447992399046
2025-05-07,5620.2,5750.291,-130.09100000000035,-0.02262337679953942
2025-05-08,5660.0,5773.806,-113.80599999999959,-0.019710741926555825
2025-05-09,5604.8,5721.723,-116.92299999999977,-0.020434928429775397
2025-05-12,5688.0,5793.674,-105.67399999999998,-0.018239548859670045
2025-05-13,5654.6,5781.668,-127.0679999999993,-0.02197774067967917
2025-05-14,5697.8,5799.119,-101.3189999999995,-0.017471446955994438
2025-05-15,5623.0,5715.297,-92.29699999999957,-0.01614911701001708
2025-05-16,5601.8,5715.849,-114.04899999999998,-0.019953116326201056
2025-05-19,5623.0,5720.795,-97.79500000000007,-0.017094652054478455
2025-05-20,5650.8,5747.367,-96.56700000000001,-0.01680195470378001
2025-05-21,5655.6,5757.923,-102.32299999999941,-0.017770817706315178
2025-05-22,5614.8,5703.28,-88.47999999999956,-0.015513879732364459
2025-05-23,5561.8,5653.044,-91.24399999999969,-0.016140684558620045
2025-05-26,5594.6,5669.461,-74.86099999999988,-0.013204253455487192
2025-05-27,5578.0,5652.145,-74.14500000000044,-0.013118028642223516
2025-05-28,5568.0,5637.238,-69.23800000000028,-0.012282255955842255
2025-05-29,5668.6,5719.91,-51.30999999999949,-0.008970420863265242
2025-05-30,5627.8,5671.072,-43.271999999999935,-0.007630303406481162
2025-06-03,5638.4,5694.839,-56.439000000000306,-0.009910552343973254
2025-06-04,5688.8,5739.006,-50.20600000000013,-0.008748204828501683
2025-06-05,5723.6,5769.968,-46.36799999999948,-0.008036093094450348
2025-06-06,5725.4,5762.078,-36.67800000000079,-0.006365411922573903
2025-06-09,5766.4,5805.654,-39.254000000000815,-0.006761339893834668
2025-06-10,5718.2,5757.992,-39.79200000000037,-0.006910742494953166
2025-06-11,5761.2,5792.946,-31.746000000000095,-0.005480113227363088
2025-06-12,5780.0,5799.932,-19.93199999999979,-0.003436592015216694
2025-06-13,5729.0,5740.24,-11.239999999999782,-0.0019581062812704317
2025-06-16,5756.2,5767.808,-11.608000000000175,-0.0020125496549122605
2025-06-17,5575.4,5750.912,-175.51200000000063,-0.030518985510472187
2025-06-18,5563.4,5745.871,-182.47100000000046,-0.03175689116584769
2025-06-19,5504.4,5676.832,-172.4320000000007,-0.030374687854070843
2025-06-20,5484.0,5639.513,-155.51299999999992,-0.027575608035658384
2025-06-23,5524.0,5674.17,-150.17000000000007,-0.026465544740464256
2025-06-24,5632.6,5765.837,-133.23700000000008,-0.023108006695298545
2025-06-25,5759.8,5862.553,-102.7529999999997,-0.01752700572600362
2025-06-26,5729.0,5838.245,-109.24499999999989,-0.018711958816390865
2025-06-27,5745.0,5863.728,-118.72800000000007,-0.020247869614688822
2025-06-30,5768.8,5915.388,-146.58799999999974,-0.024780792063005798
2025-07-01,5764.6,5934.67,-170.0699999999997,-0.028657027265205935
2025-07-02,5756.6,5892.951,-136.35099999999966,-0.023137982990186014
2025-07-03,5769.2,5922.66,-153.46000000000004,-0.02591065500974225
2025-07-04,5765.4,5911.435,-146.03500000000076,-0.024703815571007846
2025-07-07,5747.6,5900.406,-152.80599999999959,-0.02589753993199783
2025-07-08,5858.0,5977.744,-119.74399999999969,-0.020031637353489826
2025-07-09,5823.4,5953.487,-130.08700000000044,-0.02185055581712036
2025-07-10,5854.2,5983.051,-128.85100000000057,-0.021536002283784737
2025-07-11,5920.4,6027.079,-106.67900000000009,-0.01769995050670484
2025-07-14,5897.6,6020.859,-123.25900000000001,-0.02047199577336058
2025-07-15,5893.4,6018.758,-125.35800000000017,-0.02082788508858475
2025-07-16,5895.2,6017.195,-121.99499999999989,-0.020274396957386275
2025-07-17,5978.0,6082.464,-104.46399999999994,-0.01717461870715551
2025-07-18,6000.8,6099.61,-98.80999999999949,-0.016199396354848836
2025-07-21,6055.6,6161.309,-105.70899999999983,-0.0171569061055045
2025-07-22,6129.4,6213.407,-84.00700000000052,-0.013520279614710659
2025-07-23,6120.0,6196.758,-76.75799999999981,-0.012386799678154257
2025-07-24,6226.0,6293.598,-67.59799999999996,-0.010740755923718032
2025-07-25,6216.0,6299.591,-83.59100000000035,-0.013269274148115386
2025-07-28,6222.0,6323.42,-101.42000000000007,-0.016038789136258554
2025-07-29,6263.0,6356.133,-93.13299999999981,-0.014652462432740128
2025-07-30,6215.4,6314.687,-99.28700000000026,-0.01572318627985841
2025-07-31,6124.0,6226.343,-102.34299999999985,-0.01643709638225839
2025-08-01,6104.0,6213.201,-109.20100000000002,-0.017575642571357342
2025-08-04,6169.0,6261.731,-92.73099999999977,-0.014809163791929064
2025-08-05,6198.6,6303.236,-104.63599999999951,-0.016600362099721398
2025-08-06,6263.2,6357.377,-94.17700000000059,-0.014813813936156465
2025-08-07,6226.4,6337.543,-111.14300000000003,-0.017537238011639533
2025-08-08,6227.0,6323.5,-96.5,-0.015260536095516723
2025-08-11,6298.8,6391.76,-92.96000000000004,-0.014543725045996726
2025-08-12,6342.6,6418.16,-75.55999999999949,-0.01177284455357914
2025-08-13,6451.8,6508.098,-56.297999999999774,-0.008650453634840743
2025-08-14,6380.2,6429.846,-49.64599999999973,-0.0077211802584384965
2025-08-15,6531.0,6568.57,-37.56999999999971,-0.005719661965998644
2025-08-18,6608.0,6668.173,-60.172999999999774,-0.009023911047298829
2025-08-19,6600.0,6655.311,-55.310999999999694,-0.008310806211760757
2025-08-20,6695.2,6728.069,-32.8690000000006,-0.004885354178145408
2025-08-21,6656.4,6704.166,-47.76600000000053,-0.007124823579845805
2025-08-22,6810.4,6822.847,-12.447000000000116,-0.001824311757247395
2025-08-25,6909.6,6951.896,-42.29599999999937,-0.006084095619382017
2025-08-26,6916.4,6964.065,-47.664999999999964,-0.006844422043734509
2025-08-27,6837.8,6862.562,-24.761999999999716,-0.003608273411591723
2025-08-28,6967.0,7011.16,-44.159999999999854,-0.006298529772534054
2025-08-29,6996.8,7043.942,-47.141999999999825,-0.006692559365196338
2025-09-01,7014.8,7110.288,-95.48799999999937,-0.013429554470929923
2025-09-02,6896.2,6961.689,-65.48900000000049,-0.009407056247413592
2025-09-03,6788.8,6868.462,-79.66200000000026,-0.011598229705573134
2025-09-04,6647.0,6698.447,-51.447000000000116,-0.0076804369729282194
2025-09-05,6898.6,6913.953,-15.353000000000065,-0.0022205820606532997
2025-09-08,6920.8,6992.117,-71.31700000000001,-0.010199629096595495
2025-09-09,6872.8,6928.965,-56.164999999999964,-0.008105828215325083
2025-09-10,6863.4,6932.109,-68.70900000000074,-0.00991170219625813
2025-09-11,7124.6,7122.705,1.8950000000004366,0.00026605060858205366
2025-09-12,7140.0,7147.749,-7.748999999999796,-0.0010841175312675077
2025-09-15,6939.4,7137.363,-197.96300000000065,-0.027736154095006887
2025-09-16,6996.8,7190.993,-194.1930000000002,-0.02700503254557475
2025-09-17,7081.0,7260.035,-179.03499999999985,-0.024660349433577092
2025-09-18,6985.4,7199.883,-214.48300000000017,-0.029789789639637226
2025-09-19,6984.0,7170.349,-186.34900000000016,-0.02598883262167576
2025-09-22,7013.2,7225.128,-211.92799999999988,-0.029332075500946127
2025-09-23,6940.6,7180.714,-240.11399999999958,-0.03343873603655564
2025-09-24,7157.0,7323.709,-166.70899999999983,-0.022762919717318076
2025-09-25,7166.6,7341.324,-174.72399999999925,-0.02380006658199519
2025-09-26,7080.0,7240.911,-160.91100000000006,-0.022222480016671944
2025-09-29,7232.2,7350.56,-118.36000000000058,-0.01610217452819929
2025-09-30,7290.4,7412.368,-121.96800000000076,-0.016454660642860792
2025-10-09,7415.8,7548.923,-133.1229999999996,-0.017634701003043693
2025-10-10,7266.0,7398.224,-132.22400000000016,-0.01787239748350417
2025-10-13,7231.0,7376.564,-145.5640000000003,-0.019733306726546437
2025-10-14,7010.0,7194.851,-184.85099999999966,-0.025692123436607605
2025-10-15,7140.2,7294.001,-153.80100000000039,-0.021085958173024708
2025-10-16,7062.0,7231.534,-169.53399999999965,-0.023443711942721927
2025-10-17,6863.2,7016.066,-152.86599999999999,-0.021787993442479017
2025-10-20,6909.2,7069.641,-160.4409999999998,-0.022694363122540424
2025-10-21,7052.8,7185.624,-132.82399999999961,-0.01848468553322573
2025-10-22,7011.6,7128.478,-116.8779999999997,-0.016395926311338786
2025-10-23,7040.0,7142.954,-102.95399999999972,-0.0144133645547766
2025-10-24,7159.8,7258.534,-98.73399999999947,-0.013602471242815625
2025-10-27,7254.4,7379.394,-124.9940000000006,-0.016938247232767434
2025-10-28,7231.0,7341.03,-110.02999999999975,-0.014988359944040516
2025-10-29,7390.0,7480.967,-90.96699999999964,-0.012159791641909348
2025-10-30,7299.0,7385.711,-86.71100000000024,-0.011740372727825424
2025-10-31,7242.4,7331.003,-88.60300000000007,-0.012086067895484434
2025-11-03,7239.6,7333.601,-94.0009999999993,-0.01281785033028103
2025-11-04,7094.6,7210.825,-116.22499999999945,-0.016118127953458787
2025-11-05,7108.0,7229.341,-121.34100000000035,-0.01678451742696884
2025-11-06,7246.4,7345.723,-99.32300000000032,-0.01352120138480587
2025-11-07,7230.2,7327.911,-97.71100000000024,-0.013334086617591322
2025-11-10,7235.8,7343.802,-108.0019999999995,-0.01470655118425027
2025-11-11,7173.0,7291.608,-118.60800000000017,-0.016266370874572545
2025-11-12,7155.2,7243.248,-88.04799999999977,-0.012155872614053775
2025-11-13,7269.0,7355.291,-86.29100000000017,-0.01173182678972187
2025-11-14,7137.4,7235.462,-98.06200000000081,-0.013552970079865088
2025-11-17,7143.4,7235.351,-91.95100000000002,-0.012708574884618594
2025-11-18,7079.8,7151.018,-71.21799999999985,-0.009959141481674335
2025-11-19,7054.8,7122.747,-67.94700000000012,-0.009539437523191559
2025-11-20,7000.0,7061.95,-61.94999999999982,-0.008772364573524285
2025-11-21,6770.0,6817.41,-47.409999999999854,-0.006954253888206791
2025-11-24,6827.6,6868.966,-41.365999999999985,-0.006022158211294099
2025-11-25,6900.0,6954.603,-54.603000000000065,-0.007851346798659831
2025-11-26,6909.4,6965.045,-55.64500000000044,-0.007989180256552604
2025-11-27,6896.2,6951.284,-55.08399999999983,-0.007924291397100137
2025-11-28,6974.2,7031.551,-57.35100000000057,-0.00815623750720155
2025-12-01,7031.6,7101.832,-70.23199999999997,-0.009889279273291732
2025-12-02,6982.2,7040.301,-58.10100000000057,-0.008252630107718486
2025-12-03,6950.4,6996.355,-45.95499999999993,-0.006568420270269295
2025-12-04,6983.2,7012.806,-29.605999999999767,-0.00422170526319989
2025-12-05,7083.2,7097.839,-14.639000000000124,-0.0020624587286355925
2025-12-08,7144.0,7172.367,-28.36700000000019,-0.0039550402259115
2025-12-09,7094.4,7121.326,-26.926000000000386,-0.003781037407920995
2025-12-10,7122.2,7155.994,-33.79399999999987,-0.004722474613589652
2025-12-11,7074.4,7082.893,-8.493000000000393,-0.0011990863055534502
2025-12-12,7174.0,7169.791,4.208999999999833,0.0005870464006551701
2025-12-15,6940.8,7113.962,-173.16200000000026,-0.024341147731742206
2025-12-16,6843.4,7001.319,-157.91900000000078,-0.022555607022048382
2025-12-17,6996.0,7137.834,-141.83399999999983,-0.01987073389490423
2025-12-18,6973.6,7100.836,-127.23599999999988,-0.01791845354546984
2025-12-19,7055.4,7169.551,-114.15100000000075,-0.01592163860749449
2025-12-22,7123.2,7255.661,-132.46100000000024,-0.018256227792340388
2025-12-23,7133.2,7256.786,-123.58600000000024,-0.017030404369096766
2025-12-24,7240.4,7352.04,-111.64000000000033,-0.015184901061474139
2025-12-25,7320.6,7410.712,-90.11200000000008,-0.012159695316725313
2025-12-26,7388.0,7458.839,-70.83899999999994,-0.009497322572588032
2025-12-29,7336.6,7430.615,-94.01499999999942,-0.012652384762230235
2025-12-30,7381.0,7458.936,-77.9359999999997,-0.010448675253414119
2025-12-31,7362.8,7465.574,-102.77399999999943,-0.01376638956361553
2026-01-05,7596.0,7651.198,-55.19800000000032,-0.00721429506856316
2026-01-06,7786.4,7814.136,-27.736000000000786,-0.0035494647136933353
2026-01-07,7802.6,7875.082,-72.48199999999997,-0.009203967653924108
2026-01-08,7814.4,7894.545,-80.14500000000044,-0.010151946692304677
2026-01-09,8037.8,8056.686,-18.885999999999513,-0.002344140009924616
2026-01-12,8236.6,8249.128,-12.528000000000247,-0.0015187059771651315
2026-01-13,8131.2,8143.28,-12.079999999999927,-0.0014834317375799343
2026-01-14,8197.8,8227.697,-29.897000000000844,-0.0036337021161572725
2026-01-15,8206.8,8223.268,-16.468000000000757,-0.0020026101545031435
2026-01-16,8210.4,8232.674,-22.27400000000125,-0.0027055607934920356
2026-01-19,8266.0,8287.947,-21.947000000000116,-0.0026480623005914633
2026-01-20,8248.8,8247.805,0.9949999999989814,0.00012063815766728012
2026-01-21,8371.0,8340.113,30.887000000000626,0.0037034270398974964
2026-01-22,8400.0,8387.595,12.405000000000655,0.0014789698358111778
2026-01-23,8658.2,8590.166,68.03400000000147,0.007919986645194223
2026-01-26,8470.0,8506.693,-36.6929999999993,-0.004313427086177825
2026-01-27,8547.6,8548.932,-1.3320000000003347,-0.00015580893613381585
2026-01-28,8622.0,8601.164,20.83599999999933,0.0024224628201484507
2026-01-29,8517.6,8517.843,-0.2430000000003929,-2.8528349254663756e-05
2026-01-30,8362.4,8370.52,-8.1200000000008,-0.0009700711544803429
2026-02-02,7903.2,8037.046,-133.84600000000046,-0.016653631197333006
2026-02-03,8282.0,8286.701,-4.700999999999112,-0.0005672945120137812
2026-02-04,8313.6,8299.057,14.542999999999665,0.0017523677690127522
2026-02-05,8120.2,8146.107,-25.907000000000153,-0.003180292132180458
2026-02-06,8117.4,8146.413,-29.01299999999992,-0.0035614447733008283
2026-02-09,8311.6,8311.283,0.31700000000091677,3.814092240643434e-05
2026-02-10,8290.8,8306.445,-15.645000000000437,-0.0018834772276227
2026-02-11,8336.4,8325.811,10.588999999999942,0.0012718280537475498
2026-02-12,8448.8,8423.57,25.229999999999563,0.0029951671322253587
2026-02-13,8274.8,8299.585,-24.784999999999854,-0.002986293893007886
2026-02-24,8371.6,8392.91,-21.30999999999949,-0.002539047839188016
2026-02-25,8529.0,8527.559,1.441000000000713,0.0001689815338716171
2026-02-26,8537.4,8557.216,-19.816000000000713,-0.002315706416666438
2026-02-27,8645.4,8658.45,-13.050000000001091,-0.001507198170573381
2026-03-02,8627.0,8658.334,-31.334000000000742,-0.003618941011053713
2026-03-03,8266.2,8281.614,-15.41399999999885,-0.001861231397647711
2026-03-04,8219.4,8248.945,-29.545000000000073,-0.0035816701408483234
2026-03-05,8255.6,8309.171,-53.57099999999991,-0.006447213566792633
2026-03-06,8322.6,8360.335,-37.73499999999876,-0.004513575113915742
2026-03-09,8267.0,8279.481,-12.480999999999767,-0.0015074616392017528
2026-03-10,8393.6,8410.303,-16.70299999999952,-0.0019860164372198625
2026-03-11,8199.4,8403.33,-203.9300000000003,-0.02426776051874677
2026-03-12,8127.2,8359.472,-232.27199999999993,-0.027785486930275015
2026-03-13,8030.8,8239.798,-208.9980000000005,-0.025364456750032037
2026-03-16,8003.4,8185.152,-181.7520000000004,-0.022205085501161178
2026-03-17,7809.8,8016.026,-206.22599999999966,-0.025726712962258313
2026-03-18,7884.4,8096.428,-212.02800000000025,-0.026187844812551937
2026-03-19,7671.0,7877.09,-206.09000000000015,-0.026163215095930115
2026-03-20,7559.4,7760.037,-200.63700000000063,-0.025855160226684566
2026-03-23,7235.0,7440.745,-205.7449999999999,-0.02765112902001075
2026-03-24,7409.6,7597.373,-187.77299999999923,-0.024715516797714058
2026-03-25,7530.0,7767.665,-237.66499999999996,-0.030596710851974174
2026-03-26,7413.8,7642.13,-228.32999999999993,-0.029877795850109842
2026-03-27,7559.2,7737.614,-178.41399999999976,-0.02305801245707007
2026-03-30,7560.6,7753.723,-193.1229999999996,-0.024907131709502595
2026-03-31,7425.0,7617.326,-192.32600000000002,-0.02524849271253456
2026-04-01,7565.8,7750.092,-184.29199999999946,-0.023779330619559027
2026-04-02,7409.6,7605.293,-195.6929999999993,-0.02573115854970996
2026-04-03,7352.0,7534.938,-182.9380000000001,-0.024278633745891485
2026-04-07,7388.8,7571.111,-182.3109999999997,-0.024079821310240952
2026-04-08,7831.8,7945.153,-113.35300000000007,-0.014266937339029225
2026-04-09,7748.8,7898.633,-149.83299999999963,-0.018969484972906025
2026-04-10,7828.6,7969.365,-140.76499999999942,-0.017663264262585465
2026-04-13,7808.8,7967.697,-158.89699999999993,-0.01994265093163055
2026-04-14,7938.4,8088.569,-150.16900000000078,-0.018565583108705725
2026-04-15,7904.0,8044.077,-140.07700000000023,-0.017413682141530995
2026-04-16,8065.0,8180.082,-115.08200000000033,-0.014068563126873341
2026-04-17,8098.8,8214.194,-115.39399999999932,-0.014048122067728049
2026-04-20,8146.2,8290.022,-143.82200000000103,-0.017348808000750903
2026-04-21,8124.4,8270.327,-145.92699999999968,-0.01764464694080412
2026-04-22,8264.2,8376.181,-111.98099999999977,-0.013368980445861874
2026-04-23,8177.0,8295.207,-118.20700000000033,-0.014250036195600705
2026-04-24,8132.8,8247.876,-115.07600000000002,-0.013952198117430478
2026-04-27,8186.4,8299.049,-112.64900000000125,-0.013573723929091302
2026-04-28,8094.6,8203.961,-109.36099999999897,-0.013330268147300917
2026-04-29,8270.0,8342.422,-72.42200000000048,-0.008681171966606397
2026-04-30,8270.0,8349.508,-79.50799999999981,-0.009522477252551865
2026-05-06,8497.6,8588.44,-90.84000000000015,-0.010577008164462946
2026-05-07,8624.8,8696.799,-71.99900000000162,-0.008278793151365416
2026-05-08,8620.8,8694.171,-73.371000000001,-0.008439102474520113
2026-05-11,8738.6,8839.742,-101.14199999999983,-0.011441736647970022
2026-05-12,8695.4,8785.979,-90.57899999999972,-0.010309494252148763
2026-05-13,8850.2,8918.239,-68.03899999999885,-0.0076291967506139785
2026-05-14,8608.0,8670.157,-62.15699999999924,-0.007169074331641197
2026-05-15,8448.8,8536.344,-87.54399999999987,-0.010255444251075153
2026-05-18,8479.2,8554.237,-75.03699999999844,-0.008771910341039002
2026-05-19,8535.2,8627.946,-92.74599999999919,-0.01074948776916304
2026-05-20,8573.8,8656.306,-82.50600000000122,-0.009531317400286128
2026-05-21,8326.8,8419.837,-93.03700000000026,-0.011049738848863733
2026-05-22,8469.2,8576.94,-107.73999999999978,-0.012561589564576618
2026-05-25,8582.8,8703.89,-121.09000000000015,-0.013912170305461139
2026-05-26,8565.0,8658.619,-93.6190000000006,-0.0108122322970904
2026-05-27,8415.8,8530.98,-115.18000000000029,-0.013501379677364183
2026-05-28,8458.0,8563.222,-105.22199999999975,-0.012287664619695689
2026-05-29,8274.6,8359.56,-84.95999999999913,-0.010163214331854683
