date,open,high,low,close,settle,volume
2017-01-17,5998.0,6070.0,5956.8,6065.0,0.0,8087
2017-01-18,6059.0,6105.0,6038.0,6073.8,0.0,7472
2017-01-19,6063.4,6093.4,6026.6,6047.0,0.0,6053
2017-01-20,5988.0,6108.0,5983.0,6082.8,0.0,8844
2017-01-23,6095.0,6157.6,6095.0,6114.2,0.0,6444
2017-01-24,6109.8,6129.6,6090.4,6123.0,0.0,5648
2017-01-25,6102.4,6158.0,6091.6,6155.0,0.0,5634
2017-01-26,6162.8,6197.6,6152.6,6188.8,0.0,4638
2017-02-03,6190.0,6199.8,6079.6,6165.0,0.0,5183
2017-02-06,6171.2,6207.2,6147.8,6199.6,0.0,6191
2017-02-07,6200.0,6218.6,6163.0,6187.4,0.0,6258
2017-02-08,6180.0,6261.8,6166.0,6246.6,0.0,6954
2017-02-09,6248.0,6299.0,6244.6,6284.8,0.0,6392
2017-02-10,6288.0,6306.8,6269.0,6294.2,0.0,7018
2017-02-13,6295.2,6348.4,6284.2,6330.2,0.0,6313
2017-02-14,6338.8,6342.0,6306.8,6332.0,0.0,5295
2017-02-15,6335.8,6350.0,6285.0,6289.6,0.0,5833
2017-02-16,6289.6,6348.8,6289.6,6345.0,0.0,4994
2017-02-17,6295.8,6295.8,6200.0,6213.0,0.0,8960
2017-02-20,6220.2,6315.0,6218.4,6313.8,0.0,10098
2017-02-21,6311.0,6361.4,6302.4,6341.0,0.0,9310
2017-02-22,6348.0,6395.2,6338.0,6389.6,0.0,9035
2017-02-23,6389.4,6407.0,6348.4,6397.6,0.0,9983
2017-02-24,6390.4,6413.0,6375.4,6410.6,0.0,8443
2017-02-27,6410.0,6410.0,6332.2,6348.0,0.0,9370
2017-02-28,6350.2,6387.8,6347.2,6376.4,0.0,9387
2017-03-01,6375.8,6444.0,6363.6,6397.8,0.0,10832
2017-03-02,6416.8,6423.8,6362.2,6390.0,0.0,9945
2017-03-03,6379.8,6418.0,6346.2,6393.0,0.0,10414
2017-03-06,6404.8,6479.8,6403.4,6459.8,0.0,9589
2017-03-07,6463.8,6469.6,6433.6,6465.0,0.0,8213
2017-03-08,6466.0,6466.0,6427.4,6449.6,0.0,8016
2017-03-09,6436.0,6442.4,6361.2,6390.8,0.0,10675
2017-03-10,6397.8,6429.8,6392.4,6410.4,0.0,8480
2017-03-13,6404.8,6489.8,6365.4,6484.6,0.0,10438
2017-03-14,6487.2,6503.8,6461.0,6470.0,0.0,8196
2017-03-15,6464.6,6486.0,6455.4,6466.4,0.0,8862
2017-03-16,6489.6,6544.0,6489.6,6539.0,0.0,7810
2017-03-17,6485.0,6553.0,6393.0,6410.0,0.0,12413
2017-03-20,6423.6,6434.4,6385.0,6427.0,0.0,9473
2017-03-21,6426.6,6445.0,6403.4,6445.0,0.0,8546
2017-03-22,6415.8,6442.4,6372.8,6428.8,0.0,10292
2017-03-23,6441.0,6477.4,6382.0,6450.0,0.0,12578
2017-03-24,6451.4,6535.0,6445.8,6527.8,0.0,11786
2017-03-27,6533.4,6534.0,6466.4,6480.6,0.0,10213
2017-03-28,6485.0,6496.0,6453.2,6467.2,0.0,8921
2017-03-29,6470.0,6491.8,6406.4,6443.6,0.0,11307
2017-03-30,6438.0,6454.6,6354.0,6366.4,0.0,12536
2017-03-31,6378.6,6394.2,6352.6,6380.2,0.0,9206
2017-04-05,6418.0,6545.0,6418.0,6538.6,0.0,11851
2017-04-06,6547.0,6548.4,6514.0,6536.0,0.0,8650
2017-04-07,6528.8,6578.0,6510.2,6556.0,0.0,8807
2017-04-10,6551.2,6569.4,6537.4,6546.0,0.0,7268
2017-04-11,6549.0,6618.4,6509.0,6602.2,0.0,11275
2017-04-12,6608.8,6609.8,6547.8,6555.8,0.0,9866
2017-04-13,6550.2,6627.8,6550.2,6610.0,0.0,9324
2017-04-14,6605.0,6608.4,6503.2,6518.8,0.0,11205
2017-04-17,6505.2,6516.0,6425.4,6443.2,0.0,11107
2017-04-18,6455.0,6484.6,6418.0,6422.2,0.0,9838
2017-04-19,6400.0,6408.6,6284.0,6346.6,0.0,11663
2017-04-20,6350.2,6383.8,6312.6,6347.8,0.0,7678
2017-04-21,6316.8,6340.6,6252.0,6260.2,0.0,11332
2017-04-24,6244.8,6257.0,6106.0,6108.4,0.0,11588
2017-04-25,6129.2,6182.4,6115.6,6128.0,0.0,10751
2017-04-26,6128.0,6176.0,6128.0,6142.0,0.0,9484
2017-04-27,6129.0,6180.4,6026.0,6160.0,0.0,13148
2017-04-28,6155.0,6188.0,6148.4,6180.4,0.0,9521
2017-05-02,6180.0,6187.4,6153.0,6176.0,0.0,7378
2017-05-03,6175.0,6207.6,6136.0,6156.2,0.0,8925
2017-05-04,6147.8,6217.4,6121.0,6123.6,0.0,11114
2017-05-05,6113.8,6141.0,6047.0,6057.8,0.0,11746
2017-05-08,6050.2,6069.8,5945.2,5951.2,0.0,11810
2017-05-09,5950.0,5998.4,5907.8,5987.0,0.0,13017
2017-05-10,5993.2,6016.0,5839.6,5842.2,0.0,13186
2017-05-11,5826.0,5872.0,5706.0,5827.2,0.0,15025
2017-05-12,5834.0,5857.6,5786.8,5827.2,0.0,12302
2017-05-15,5852.6,5914.0,5852.6,5876.8,0.0,10723
2017-05-16,5865.0,6020.0,5822.2,6009.8,0.0,12510
2017-05-17,6008.8,6058.2,6006.2,6020.0,0.0,8392
2017-05-18,5980.8,6038.8,5953.0,5960.2,0.0,6604
2017-05-19,5930.0,5953.0,5884.0,5913.6,0.0,11508
2017-05-22,5918.8,5953.4,5804.0,5828.6,0.0,13770
2017-05-23,5828.6,5854.8,5710.0,5716.0,0.0,14652
2017-05-24,5700.0,5773.0,5641.2,5759.0,0.0,17961
2017-05-25,5757.2,5861.8,5691.0,5810.6,0.0,18142
2017-05-26,5814.0,5864.0,5797.2,5814.6,0.0,13410
2017-05-31,5891.0,5924.6,5762.6,5772.6,0.0,14585
2017-06-01,5748.0,5796.0,5658.2,5667.0,0.0,13960
2017-06-02,5662.8,5774.2,5613.6,5753.2,0.0,16216
2017-06-05,5779.4,5824.8,5761.8,5775.0,0.0,13961
2017-06-06,5773.0,5834.8,5767.2,5807.2,0.0,13789
2017-06-07,5810.2,5956.4,5810.2,5952.0,0.0,17251
2017-06-08,5949.0,5958.2,5914.8,5940.0,0.0,12267
2017-06-09,5930.6,5974.4,5900.2,5964.4,0.0,13901
2017-06-12,5935.0,5938.0,5876.6,5882.2,0.0,13912
2017-06-13,5882.2,5992.0,5880.4,5955.4,0.0,14417
2017-06-14,5963.0,5987.8,5948.2,5956.6,0.0,11214
2017-06-15,5959.0,6029.8,5955.8,6008.4,0.0,9639
2017-06-16,5969.0,5980.0,5945.4,5957.6,0.0,10300
2017-06-19,5958.4,6023.2,5951.0,6006.0,0.0,13114
2017-06-20,6016.0,6063.4,6007.6,6029.4,0.0,11596
2017-06-21,6029.2,6038.2,5977.0,6034.0,0.0,12909
2017-06-22,6029.8,6067.0,5936.0,5944.8,0.0,13635
2017-06-23,5950.2,5975.8,5861.2,5953.2,0.0,15863
2017-06-26,5978.6,6093.0,5957.4,6085.8,0.0,15279
2017-06-27,6088.2,6099.6,6043.2,6061.0,0.0,11615
2017-06-28,6055.0,6078.6,6026.4,6048.0,0.0,10632
2017-06-29,6064.8,6113.4,6056.0,6074.4,0.0,12074
2017-06-30,6056.0,6115.8,6043.2,6097.2,0.0,10787
2017-07-03,6102.8,6152.4,6086.0,6146.0,0.0,10519
2017-07-04,6147.2,6147.6,6090.8,6119.0,0.0,10580
2017-07-05,6114.0,6170.8,6100.8,6161.4,0.0,10359
2017-07-06,6162.2,6187.2,6106.6,6146.4,0.0,11767
2017-07-07,6137.4,6208.2,6133.6,6183.2,0.0,9324
2017-07-10,6177.6,6209.6,6144.2,6165.0,0.0,10530
2017-07-11,6173.0,6173.0,6092.2,6108.4,0.0,11885
2017-07-12,6117.4,6123.8,6013.8,6085.4,0.0,14774
2017-07-13,6100.0,6152.6,6080.4,6108.2,0.0,13115
2017-07-14,6101.4,6125.0,6065.4,6093.4,0.0,10337
2017-07-17,6080.8,6090.0,5821.2,5825.6,0.0,14069
2017-07-18,5825.0,5903.6,5818.0,5899.0,0.0,13280
2017-07-19,5898.8,6045.0,5883.0,6033.2,0.0,12040
2017-07-20,6038.2,6099.2,6033.4,6074.0,0.0,7763
2017-07-21,6017.0,6061.8,6001.0,6041.2,0.0,10257
2017-07-24,6044.2,6117.2,6031.0,6083.8,0.0,12208
2017-07-25,6085.4,6097.4,6023.8,6081.2,0.0,12117
2017-07-26,6099.0,6099.8,6033.4,6070.0,0.0,11368
2017-07-27,6065.6,6148.8,6014.8,6129.4,0.0,13550
2017-07-28,6120.0,6195.0,6115.2,6185.2,0.0,11414
2017-07-31,6181.2,6277.2,6155.6,6265.6,0.0,10639
2017-08-01,6266.2,6272.0,6223.4,6247.6,0.0,9877
2017-08-02,6258.0,6288.8,6205.0,6225.4,0.0,11432
2017-08-03,6215.6,6280.0,6208.0,6233.8,0.0,11448
2017-08-04,6235.4,6279.6,6180.2,6185.2,0.0,11656
2017-08-07,6205.0,6284.0,6191.8,6280.0,0.0,10457
2017-08-08,6280.0,6306.6,6253.6,6272.2,0.0,10318
2017-08-09,6270.0,6333.0,6265.0,6317.4,0.0,9116
2017-08-10,6296.0,6323.2,6213.6,6251.0,0.0,11676
2017-08-11,6231.2,6268.2,6118.2,6139.2,0.0,13899
2017-08-14,6159.0,6288.2,6155.0,6286.4,0.0,11498
2017-08-15,6283.2,6311.8,6265.8,6292.8,0.0,9847
2017-08-16,6290.0,6321.6,6254.6,6306.6,0.0,9492
2017-08-17,6327.0,6375.0,6296.6,6365.8,0.0,8103
2017-08-18,6295.2,6317.4,6272.2,6286.6,0.0,11687
2017-08-21,6300.4,6369.8,6300.2,6358.8,0.0,9814
2017-08-22,6361.4,6361.4,6311.2,6336.0,0.0,9826
2017-08-23,6330.0,6343.0,6245.8,6285.2,0.0,11679
2017-08-24,6295.2,6306.0,6238.0,6248.6,0.0,10851
2017-08-25,6254.6,6354.2,6254.4,6327.2,0.0,12426
2017-08-28,6340.4,6455.2,6331.4,6417.8,0.0,12706
2017-08-29,6418.0,6436.0,6368.4,6389.8,0.0,9490
2017-08-30,6391.2,6459.8,6386.0,6433.6,0.0,9523
2017-08-31,6441.4,6474.6,6423.0,6464.2,0.0,9403
2017-09-01,6474.4,6548.0,6444.8,6528.6,0.0,11171
2017-09-04,6536.2,6561.0,6510.8,6548.6,0.0,9401
2017-09-05,6548.8,6576.0,6516.4,6569.2,0.0,9619
2017-09-06,6554.8,6612.0,6544.0,6593.6,0.0,9571
2017-09-07,6595.2,6616.0,6535.8,6549.4,0.0,9524
2017-09-08,6556.6,6613.2,6522.0,6553.2,0.0,10936
2017-09-11,6562.0,6662.2,6556.2,6661.8,0.0,11705
2017-09-12,6671.2,6727.8,6616.8,6646.6,0.0,12628
2017-09-13,6641.4,6690.6,6622.4,6681.6,0.0,10725
2017-09-14,6689.0,6714.0,6652.4,6681.4,0.0,8593
2017-09-15,6675.8,6676.0,6605.6,6629.2,0.0,5483
2017-09-18,6577.0,6678.6,6577.0,6678.4,0.0,11344
2017-09-19,6684.8,6695.6,6579.2,6600.6,0.0,11034
2017-09-20,6606.2,6687.0,6589.6,6668.6,0.0,10902
2017-09-21,6673.8,6678.0,6574.0,6594.6,0.0,11326
2017-09-22,6583.4,6585.4,6492.6,6532.2,0.0,11104
2017-09-25,6536.2,6555.2,6433.6,6440.8,0.0,10909
2017-09-26,6450.2,6499.8,6450.0,6485.0,0.0,9697
2017-09-27,6495.8,6583.8,6495.0,6560.0,0.0,9570
2017-09-28,6559.6,6598.0,6515.6,6552.0,0.0,8530
2017-09-29,6564.8,6620.0,6546.6,6598.2,0.0,9176
2017-10-10,6690.2,6718.4,6656.0,6717.0,0.0,9048
2017-10-11,6726.0,6729.0,6646.2,6660.8,0.0,9397
2017-10-12,6656.8,6674.6,6603.4,6650.2,0.0,9198
2017-10-13,6661.0,6722.6,6655.4,6722.0,0.0,9541
2017-10-16,6728.0,6728.0,6600.0,6606.6,0.0,11680
2017-10-17,6600.0,6652.6,6584.4,6591.8,0.0,10644
2017-10-18,6598.2,6627.8,6531.2,6542.8,0.0,10362
2017-10-19,6543.0,6566.0,6487.0,6497.0,0.0,8358
2017-10-20,6515.8,6559.0,6499.0,6548.0,0.0,4910
2017-10-23,6536.8,6584.6,6520.2,6576.2,0.0,8413
2017-10-24,6570.0,6574.2,6495.8,6560.8,0.0,10951
2017-10-25,6565.0,6618.2,6526.0,6599.8,0.0,12020
2017-10-26,6599.8,6671.4,6570.2,6622.6,0.0,11669
2017-10-27,6625.4,6638.8,6566.0,6601.4,0.0,9710
2017-10-30,6600.0,6607.0,6409.0,6468.2,0.0,12708
2017-10-31,6468.0,6524.8,6446.6,6507.6,0.0,9877
2017-11-01,6520.0,6563.6,6476.4,6481.0,0.0,10581
2017-11-02,6480.4,6490.4,6403.0,6440.0,0.0,10208
2017-11-03,6440.0,6463.0,6320.0,6362.0,0.0,11202
2017-11-06,6380.0,6481.2,6357.2,6475.0,0.0,10490
2017-11-07,6479.8,6519.6,6452.4,6514.4,0.0,10105
2017-11-08,6515.0,6588.0,6504.6,6541.0,0.0,10231
2017-11-09,6540.6,6602.0,6536.0,6600.4,0.0,8469
2017-11-10,6594.8,6643.8,6571.6,6619.6,0.0,9186
2017-11-13,6627.0,6666.4,6601.0,6654.0,0.0,8177
2017-11-14,6642.0,6658.6,6575.8,6591.2,0.0,9516
2017-11-15,6576.2,6592.0,6496.0,6527.0,0.0,9863
2017-11-16,6531.2,6574.8,6513.6,6556.0,0.0,6801
2017-11-17,6515.0,6519.8,6305.0,6323.6,0.0,12036
2017-11-20,6325.2,6404.8,6220.0,6389.6,0.0,12786
2017-11-21,6389.2,6444.6,6348.0,6418.0,0.0,11744
2017-11-22,6430.0,6478.4,6342.4,6375.2,0.0,11872
2017-11-23,6385.2,6398.8,6206.6,6208.2,0.0,12836
2017-11-24,6208.2,6289.2,6200.0,6227.0,0.0,11166
2017-11-27,6242.8,6263.2,6131.4,6136.0,0.0,11442
2017-11-28,6147.4,6276.8,6147.4,6262.4,0.0,11769
2017-11-29,6255.0,6320.0,6176.8,6273.2,0.0,11922
2017-11-30,6260.0,6290.8,6190.8,6200.0,0.0,10720
2017-12-01,6218.8,6324.2,6215.0,6279.0,0.0,10660
2017-12-04,6279.0,6329.0,6217.6,6233.8,0.0,10948
2017-12-05,6226.4,6247.8,6061.4,6098.0,0.0,11557
2017-12-06,6103.0,6140.4,6026.0,6132.0,0.0,13550
2017-12-07,6129.0,6169.8,6082.4,6085.6,0.0,11733
2017-12-08,6088.6,6214.8,6088.6,6174.0,0.0,11866
2017-12-11,6198.2,6273.0,6198.2,6270.6,0.0,10107
2017-12-12,6260.0,6281.8,6217.2,6226.8,0.0,10533
2017-12-13,6233.0,6274.6,6201.6,6273.8,0.0,10388
2017-12-14,6278.0,6295.8,6236.0,6284.0,0.0,8162
2017-12-15,6277.0,6294.8,6207.2,6233.6,0.0,4442
2017-12-18,6216.0,6227.6,6135.2,6161.8,0.0,9672
2017-12-19,6177.6,6246.6,6170.6,6234.0,0.0,9895
2017-12-20,6230.4,6238.6,6150.0,6158.4,0.0,9779
2017-12-21,6160.0,6269.0,6107.2,6227.0,0.0,12255
2017-12-22,6234.0,6276.6,6223.2,6243.2,0.0,7802
2017-12-25,6245.4,6265.6,6142.6,6162.0,0.0,9515
2017-12-26,6163.0,6234.6,6132.2,6219.4,0.0,9924
2017-12-27,6230.0,6233.8,6147.8,6156.2,0.0,9052
2017-12-28,6145.0,6242.8,6145.0,6206.0,0.0,9604
2017-12-29,6206.0,6305.0,6205.2,6280.8,0.0,8330
2018-01-02,6293.0,6355.0,6266.6,6345.0,0.0,8880
2018-01-03,6350.0,6411.4,6336.4,6388.2,0.0,8896
2018-01-04,6375.0,6414.8,6375.0,6406.8,0.0,7374
2018-01-05,6407.2,6429.2,6383.6,6400.8,0.0,7585
2018-01-08,6400.8,6443.6,6378.6,6433.0,0.0,7945
2018-01-09,6433.0,6437.6,6402.2,6435.0,0.0,7365
2018-01-10,6427.0,6436.2,6360.0,6406.6,0.0,8377
2018-01-11,6384.8,6443.0,6372.2,6423.2,0.0,8463
2018-01-12,6419.8,6428.2,6372.8,6401.2,0.0,8205
2018-01-15,6393.2,6396.0,6242.2,6273.0,0.0,9382
2018-01-16,6261.2,6317.8,6261.2,6285.6,0.0,9437
2018-01-17,6279.6,6299.2,6193.2,6250.0,0.0,10326
2018-01-18,6252.0,6316.8,6246.2,6285.6,0.0,6976
2018-01-19,6284.2,6333.8,6268.8,6281.0,0.0,3931
2018-01-22,6234.8,6359.8,6200.8,6348.6,0.0,10788
2018-01-23,6346.8,6377.0,6323.6,6345.8,0.0,8050
2018-01-24,6350.0,6430.0,6326.6,6409.6,0.0,10524
2018-01-25,6395.0,6449.6,6382.0,6387.0,0.0,9106
2018-01-26,6387.0,6413.8,6377.0,6397.0,0.0,7311
2018-01-29,6396.8,6430.4,6287.2,6312.2,0.0,9592
2018-01-30,6307.8,6346.0,6291.4,6302.8,0.0,7853
2018-01-31,6280.0,6285.0,6156.6,6186.6,0.0,9923
2018-02-01,6189.8,6212.0,5961.4,5970.0,0.0,11166
2018-02-02,5959.4,6018.6,5832.6,5986.2,0.0,11551
2018-02-05,5930.0,6015.8,5916.4,5979.8,0.0,8507
2018-02-06,5913.0,5933.2,5651.8,5686.8,0.0,12013
2018-02-07,5805.2,5837.0,5606.8,5663.0,0.0,12850
2018-02-08,5689.0,5804.8,5680.0,5747.0,0.0,10648
2018-02-09,5645.0,5678.0,5453.2,5504.0,0.0,11985
2018-02-12,5595.0,5723.2,5565.2,5661.0,0.0,9667
2018-02-13,5700.4,5784.0,5698.0,5713.8,0.0,7821
2018-02-14,5680.0,5715.0,5660.0,5708.0,5698.4,6253
2018-02-22,5780.0,5836.0,5738.8,5825.0,0.0,9041
2018-02-23,5830.0,5853.4,5777.0,5833.4,0.0,9405
2018-02-26,5876.6,6013.8,5865.0,6004.6,0.0,11347
2018-02-27,5998.0,6022.6,5965.0,5979.6,0.0,9180
2018-02-28,5953.6,6026.0,5918.2,5983.4,0.0,10025
2018-03-01,5957.8,6074.4,5941.2,6057.8,0.0,10536
2018-03-02,6019.8,6068.0,6005.0,6035.2,0.0,10214
2018-03-05,6050.2,6066.4,5970.2,6019.2,0.0,9630
2018-03-06,6035.8,6116.0,6025.2,6111.8,0.0,10569
2018-03-07,6095.0,6106.0,6023.6,6031.0,0.0,10792
2018-03-08,6049.0,6107.6,6039.0,6095.4,0.0,9471
2018-03-09,6108.8,6207.8,6096.4,6198.8,0.0,10397
2018-03-12,6233.0,6295.8,6225.6,6275.4,0.0,10294
2018-03-13,6274.6,6284.6,6233.2,6241.0,0.0,9979
2018-03-14,6234.4,6253.8,6157.4,6177.0,0.0,10245
2018-03-15,6165.0,6214.0,6101.0,6172.0,0.0,9762
2018-03-16,6192.0,6207.2,6165.8,6174.2,0.0,5062
2018-03-19,6088.0,6158.6,6044.2,6080.4,0.0,10304
2018-03-20,6050.0,6138.4,6022.6,6103.2,0.0,9947
2018-03-21,6123.4,6185.2,6028.0,6040.0,0.0,11123
2018-03-22,6075.0,6097.0,6000.2,6037.4,0.0,11465
2018-03-23,5871.0,5930.0,5630.2,5665.6,0.0,14660
2018-03-26,5681.0,5855.8,5632.0,5846.0,0.0,12595
2018-03-27,5907.0,6013.4,5899.6,6005.6,0.0,12593
2018-03-28,5934.0,5977.4,5891.4,5915.2,0.0,12729
2018-03-29,5951.2,6018.8,5890.2,6012.0,0.0,12209
2018-03-30,6022.0,6105.0,6017.4,6101.0,0.0,10296
2018-04-02,6129.8,6157.8,6060.6,6075.0,0.0,10232
2018-04-03,6001.0,6048.8,5953.0,6023.4,0.0,10982
2018-04-04,6055.0,6081.8,5950.2,5976.0,0.0,10466
2018-04-09,5986.4,6049.0,5919.2,5981.8,0.0,10941
2018-04-10,6000.0,6050.0,5950.6,6048.0,0.0,12088
2018-04-11,6078.6,6098.4,6047.4,6055.0,0.0,9679
2018-04-12,6047.4,6083.8,6003.2,6022.8,0.0,9205
2018-04-13,6060.2,6080.0,5982.6,6010.0,0.0,10134
2018-04-16,6018.8,6052.2,5934.0,5989.0,0.0,10370
2018-04-17,6008.8,6028.8,5856.4,5888.0,0.0,12000
2018-04-18,5936.6,5996.2,5812.2,5951.0,0.0,13007
2018-04-19,5965.0,6064.2,5960.8,6000.0,0.0,9371
2018-04-20,5987.0,6000.0,5892.4,5908.0,0.0,4497
2018-04-23,5852.2,5881.6,5692.0,5779.2,0.0,11262
2018-04-24,5781.4,5935.8,5781.4,5913.2,0.0,11338
2018-04-25,5895.0,5933.0,5882.2,5913.0,0.0,8883
2018-04-26,5908.0,5928.4,5796.0,5806.4,0.0,10446
2018-04-27,5836.0,5855.6,5769.2,5852.2,0.0,10844
2018-05-02,5860.2,5887.4,5781.0,5827.8,0.0,9384
2018-05-03,5815.0,5919.4,5744.0,5892.4,0.0,11627
2018-05-04,5887.2,5921.8,5861.4,5881.0,0.0,9115
2018-05-07,5911.0,6024.6,5891.2,6001.0,0.0,9567
2018-05-08,6018.0,6033.8,5992.4,6028.6,0.0,8181
2018-05-09,6027.6,6041.8,5983.0,6011.0,0.0,7028
2018-05-10,6020.0,6054.0,5973.8,6036.4,0.0,8003
2018-05-11,6039.6,6047.4,5980.6,5993.0,0.0,8459
2018-05-14,5999.0,6020.2,5939.8,5964.0,0.0,8415
2018-05-15,5976.6,6026.2,5948.8,6020.0,0.0,9470
2018-05-16,6018.6,6046.8,5993.8,6012.6,0.0,9047
2018-05-17,6010.4,6020.4,5960.0,5975.0,0.0,8136
2018-05-18,5925.0,5980.0,5884.6,5975.2,0.0,11485
2018-05-21,6015.0,6069.0,6013.6,6027.4,0.0,10421
2018-05-22,6028.2,6072.8,6020.2,6066.0,0.0,8316
2018-05-23,6060.0,6060.0,5975.2,5992.4,0.0,10502
2018-05-24,5995.2,6008.0,5950.2,5966.8,0.0,8614
2018-05-25,5961.2,5966.6,5863.4,5874.8,0.0,9843
2018-05-28,5883.6,5928.4,5836.4,5878.4,0.0,9884
2018-05-29,5871.0,5908.8,5791.0,5794.4,0.0,10724
2018-05-30,5743.2,5748.8,5645.0,5653.2,0.0,12024
2018-05-31,5698.0,5749.6,5652.0,5738.0,0.0,10843
2018-06-01,5717.8,5729.6,5621.2,5664.0,0.0,9966
2018-06-04,5682.0,5693.8,5628.8,5671.0,0.0,9799
2018-06-05,5672.4,5774.6,5672.4,5770.2,0.0,10344
2018-06-06,5773.2,5773.2,5725.8,5765.6,0.0,8861
2018-06-07,5779.8,5799.0,5707.0,5732.0,0.0,9629
2018-06-08,5721.8,5726.8,5608.4,5658.6,0.0,10768
2018-06-11,5645.0,5678.8,5588.0,5639.2,0.0,11261
2018-06-12,5642.4,5704.8,5592.6,5686.8,0.0,12016
2018-06-13,5673.4,5684.8,5598.8,5603.0,0.0,10973
2018-06-14,5579.6,5657.4,5570.2,5594.0,0.0,9388
2018-06-15,5542.4,5562.8,5298.2,5436.6,5424.0,12403
2018-06-19,5359.6,5359.8,4952.2,5057.8,0.0,13418
2018-06-20,5050.0,5188.0,5028.0,5142.2,0.0,12454
2018-06-21,5155.0,5199.0,4995.6,5010.0,0.0,13828
2018-06-22,4989.0,5127.0,4964.2,5110.8,0.0,13724
2018-06-25,5138.6,5158.8,5028.8,5028.8,0.0,11600
2018-06-26,5015.0,5138.2,5001.8,5074.4,0.0,12678
2018-06-27,5099.0,5154.2,4996.2,5001.0,0.0,14010
2018-06-28,5011.2,5119.6,4982.4,5007.2,0.0,13275
2018-06-29,5030.0,5205.2,5002.2,5185.4,0.0,14201
2018-07-02,5176.6,5225.0,5037.0,5100.0,0.0,14354
2018-07-03,5116.2,5180.6,4992.0,5144.0,0.0,15603
2018-07-04,5131.0,5150.0,5043.0,5085.4,0.0,13396
2018-07-05,5065.2,5091.4,4919.6,4920.2,0.0,15688
2018-07-06,4941.6,5047.6,4852.0,4948.0,0.0,17594
2018-07-09,4991.6,5091.0,4988.0,5088.0,0.0,12790
2018-07-10,5098.6,5124.8,5051.2,5115.0,0.0,12007
2018-07-11,5003.8,5048.8,4919.0,5008.8,0.0,15491
2018-07-12,5018.0,5190.8,5017.8,5178.4,0.0,15754
2018-07-13,5178.4,5209.4,5152.0,5191.0,0.0,10698
2018-07-16,5197.2,5220.8,5152.0,5199.2,0.0,11888
2018-07-17,5199.0,5203.0,5116.4,5184.4,0.0,13293
2018-07-18,5209.8,5232.0,5150.0,5159.2,0.0,12391
2018-07-19,5169.0,5187.0,5081.2,5119.4,0.0,9317
2018-07-20,5040.0,5165.4,5031.4,5145.2,0.0,14232
2018-07-23,5117.6,5208.4,5114.0,5191.0,0.0,12866
2018-07-24,5195.0,5328.0,5195.0,5299.0,0.0,13444
2018-07-25,5306.6,5332.8,5281.0,5297.8,0.0,9731
2018-07-26,5297.8,5308.0,5241.6,5261.6,0.0,10676
2018-07-27,5270.2,5279.8,5205.0,5230.0,0.0,11181
2018-07-30,5217.0,5245.2,5138.0,5140.4,0.0,12004
2018-07-31,5145.0,5205.8,5130.0,5157.4,0.0,10809
2018-08-01,5188.0,5239.8,5056.0,5074.8,0.0,14046
2018-08-02,5066.6,5075.8,4832.4,4946.4,0.0,16415
2018-08-03,4950.2,4991.0,4870.0,4878.2,0.0,13124
2018-08-06,4885.0,4908.8,4755.2,4806.0,0.0,14422
2018-08-07,4817.2,4944.4,4767.8,4929.0,0.0,14565
2018-08-08,4919.4,4922.2,4827.2,4855.4,0.0,13709
2018-08-09,4846.6,5031.4,4833.2,4977.0,0.0,15715
2018-08-10,4988.2,5027.6,4967.0,5012.8,0.0,11164
2018-08-13,4971.6,5080.0,4931.4,5046.4,0.0,14081
2018-08-14,5046.4,5052.2,4997.2,5036.8,0.0,12435
2018-08-15,5037.0,5037.0,4897.2,4926.0,0.0,12757
2018-08-16,4864.2,4951.8,4830.2,4871.0,0.0,10442
2018-08-17,4879.0,4896.6,4701.0,4738.0,0.0,14459
2018-08-20,4746.0,4797.0,4684.6,4783.6,0.0,15399
2018-08-21,4788.8,4876.0,4760.2,4825.0,0.0,14917
2018-08-22,4817.2,4829.0,4772.8,4806.0,0.0,12547
2018-08-23,4799.6,4859.2,4745.8,4826.2,0.0,17385
2018-08-24,4810.2,4847.0,4775.2,4809.4,0.0,13512
2018-08-27,4835.6,4947.0,4820.2,4931.4,0.0,14100
2018-08-28,4942.8,4957.4,4910.0,4936.8,0.0,10748
2018-08-29,4934.6,4937.6,4883.0,4918.2,0.0,11076
2018-08-30,4918.0,4923.2,4826.4,4846.0,0.0,12858
2018-08-31,4822.0,4836.6,4757.0,4783.4,0.0,13960
2018-09-03,4767.0,4822.8,4715.4,4819.6,0.0,13878
2018-09-04,4814.6,4895.2,4798.2,4857.6,0.0,13815
2018-09-05,4850.0,4867.2,4781.2,4785.0,0.0,12599
2018-09-06,4775.4,4837.6,4740.0,4767.8,0.0,13886
2018-09-07,4788.0,4865.0,4720.2,4765.0,0.0,16556
2018-09-10,4760.0,4770.8,4673.0,4684.2,0.0,13075
2018-09-11,4687.2,4735.0,4653.8,4694.4,0.0,13708
2018-09-12,4694.4,4728.4,4656.2,4675.0,0.0,14078
2018-09-13,4726.8,4769.0,4636.8,4718.0,0.0,16472
2018-09-14,4722.6,4726.4,4653.4,4654.4,0.0,13491
2018-09-17,4633.4,4634.2,4574.2,4602.8,0.0,13249
2018-09-18,4588.6,4698.4,4581.6,4679.4,0.0,17179
2018-09-19,4679.0,4783.2,4667.0,4734.4,0.0,15449
2018-09-20,4737.4,4774.8,4730.8,4743.6,0.0,9068
2018-09-21,4729.2,4829.2,4700.2,4827.8,4810.2,15878
2018-09-25,4786.0,4813.0,4753.2,4793.2,0.0,11759
2018-09-26,4805.0,4851.6,4767.6,4800.0,0.0,14400
2018-09-27,4802.4,4818.0,4746.2,4764.6,0.0,11455
2018-09-28,4772.2,4827.0,4733.6,4820.4,0.0,13211
2018-10-08,4722.0,4741.6,4640.4,4654.8,0.0,12383
2018-10-09,4664.2,4690.0,4606.2,4624.8,0.0,12130
2018-10-10,4631.2,4670.0,4578.2,4639.2,0.0,13905
2018-10-11,4499.0,4506.0,4243.0,4258.2,0.0,17959
2018-10-12,4281.6,4303.8,4135.0,4267.2,0.0,18588
2018-10-15,4273.0,4324.8,4171.0,4178.4,0.0,16255
2018-10-16,4185.2,4219.8,4067.2,4100.4,0.0,16173
2018-10-17,4150.8,4165.2,4026.8,4120.6,0.0,17563
2018-10-18,4109.0,4111.4,4018.4,4033.2,0.0,11869
2018-10-19,3992.0,4093.6,3977.2,4091.4,0.0,5344
2018-10-22,4150.0,4373.2,4140.0,4317.6,0.0,19186
2018-10-23,4318.6,4342.6,4182.0,4219.6,0.0,16897
2018-10-24,4218.6,4288.8,4173.4,4209.8,0.0,16874
2018-10-25,4100.0,4230.4,4072.4,4226.0,0.0,18457
2018-10-26,4249.8,4283.4,4172.4,4199.8,0.0,16170
2018-10-29,4206.4,4227.2,4104.0,4156.0,0.0,14534
2018-10-30,4145.2,4232.4,4060.0,4189.6,0.0,18897
2018-10-31,4202.6,4305.0,4185.2,4252.0,0.0,17378
2018-11-01,4301.0,4375.0,4273.8,4280.0,0.0,17894
2018-11-02,4411.0,4447.6,4341.6,4436.0,0.0,20299
2018-11-05,4421.2,4463.0,4350.6,4430.2,0.0,17885
2018-11-06,4413.4,4445.0,4365.6,4439.2,0.0,14661
2018-11-07,4443.0,4488.0,4388.0,4388.4,0.0,18236
2018-11-08,4447.6,4448.0,4366.2,4370.8,0.0,15305
2018-11-09,4347.8,4401.6,4338.4,4368.8,0.0,13550
2018-11-12,4368.0,4496.2,4354.4,4487.2,0.0,14855
2018-11-13,4440.0,4606.8,4439.8,4571.0,0.0,17653
2018-11-14,4576.8,4612.4,4533.0,4552.6,0.0,15405
2018-11-15,4543.6,4628.8,4543.6,4620.0,0.0,11467
2018-11-16,4625.0,4710.6,4602.8,4647.8,0.0,19604
2018-11-19,4657.0,4683.6,4594.6,4659.4,0.0,17760
2018-11-20,4627.6,4635.0,4512.4,4520.0,0.0,21435
2018-11-21,4480.0,4557.0,4449.2,4536.2,0.0,19133
2018-11-22,4550.0,4574.8,4484.4,4523.0,0.0,17226
2018-11-23,4514.0,4521.0,4327.6,4328.2,0.0,19515
2018-11-26,4338.0,4371.6,4283.6,4315.8,0.0,17973
2018-11-27,4347.6,4378.6,4307.0,4344.2,0.0,16618
2018-11-28,4342.4,4419.0,4272.4,4398.0,0.0,20530
2018-11-29,4447.0,4447.0,4296.6,4312.2,0.0,18424
2018-11-30,4303.6,4360.0,4238.0,4328.2,0.0,19625
2018-12-03,4488.6,4524.0,4419.0,4472.0,0.0,23921
2018-12-04,4458.8,4528.0,4452.2,4514.6,0.0,24564
2018-12-05,4429.8,4526.0,4429.0,4470.0,0.0,30742
2018-12-06,4429.0,4460.0,4372.0,4388.2,0.0,30017
2018-12-07,4408.6,4419.8,4381.8,4386.0,0.0,21037
2018-12-10,4362.2,4384.6,4325.0,4336.6,0.0,22266
2018-12-11,4356.4,4389.0,4338.0,4387.2,0.0,23570
2018-12-12,4401.0,4407.6,4359.8,4371.8,0.0,24639
2018-12-13,4384.8,4472.8,4354.4,4430.2,0.0,30522
2018-12-14,4420.2,4431.0,4315.6,4329.6,0.0,26842
2018-12-17,4320.0,4342.6,4273.0,4321.2,0.0,27345
2018-12-18,4305.0,4344.4,4241.6,4295.2,0.0,32004
2018-12-19,4301.0,4305.0,4233.6,4236.2,0.0,25171
2018-12-20,4231.0,4276.8,4217.8,4264.0,0.0,20814
2018-12-21,4222.4,4236.0,4157.6,4206.0,0.0,30552
2018-12-24,4193.4,4266.4,4183.2,4255.0,0.0,28278
2018-12-25,4209.8,4234.4,4085.0,4195.2,0.0,37636
2018-12-26,4198.8,4229.0,4158.0,4189.0,0.0,26253
2018-12-27,4258.2,4258.2,4125.8,4131.0,0.0,28285
2018-12-28,4143.0,4181.4,4119.2,4120.4,0.0,28777
2019-01-02,4135.0,4147.0,4086.0,4096.8,0.0,24735
2019-01-03,4100.0,4169.0,4077.6,4086.6,0.0,28810
2019-01-04,4062.0,4208.8,4058.0,4207.8,0.0,33671
2019-01-07,4210.0,4293.8,4196.6,4268.6,0.0,30648
2019-01-08,4260.0,4286.0,4248.8,4270.8,0.0,23085
2019-01-09,4288.6,4363.6,4265.0,4273.8,0.0,33159
2019-01-10,4271.4,4327.0,4262.6,4277.4,0.0,27192
2019-01-11,4292.4,4320.0,4252.8,4312.0,0.0,29081
2019-01-14,4312.0,4332.0,4274.6,4290.2,0.0,23373
2019-01-15,4291.4,4363.6,4266.4,4351.4,0.0,31618
2019-01-16,4346.8,4373.0,4328.0,4341.0,0.0,23920
2019-01-17,4338.2,4356.0,4297.6,4307.4,0.0,21840
2019-01-18,4337.0,4349.8,4295.0,4330.0,0.0,9415
2019-01-21,4349.6,4404.4,4340.0,4360.0,0.0,25465
2019-01-22,4356.0,4358.8,4275.6,4294.2,0.0,22851
2019-01-23,4290.6,4318.2,4276.2,4302.6,0.0,21956
2019-01-24,4308.0,4368.4,4274.0,4330.8,0.0,27224
2019-01-25,4336.6,4362.0,4305.2,4310.0,0.0,25670
2019-01-28,4339.0,4378.8,4286.0,4291.6,0.0,24321
2019-01-29,4291.0,4291.6,4177.0,4242.4,0.0,29386
2019-01-30,4215.0,4268.2,4200.6,4201.8,0.0,23662
2019-01-31,4210.0,4246.6,4137.2,4183.6,0.0,26675
2019-02-01,4200.0,4315.8,4200.0,4313.2,0.0,28819
2019-02-11,4318.0,4413.4,4314.8,4406.8,0.0,22228
2019-02-12,4398.8,4462.8,4398.6,4433.4,0.0,22654
2019-02-13,4439.8,4537.2,4426.0,4512.0,0.0,24426
2019-02-14,4501.4,4561.4,4496.0,4533.8,0.0,15894
2019-02-15,4526.8,4556.0,4491.4,4502.6,0.0,30372
2019-02-18,4540.2,4687.4,4539.6,4677.0,0.0,34027
2019-02-19,4692.8,4718.4,4614.4,4659.0,0.0,42944
2019-02-20,4679.0,4682.8,4618.0,4652.0,0.0,35271
2019-02-21,4650.0,4762.4,4636.2,4662.0,0.0,45667
2019-02-22,4651.0,4807.0,4650.2,4804.8,0.0,43822
2019-02-25,4872.4,5140.0,4840.0,5123.0,0.0,57459
2019-02-26,5100.0,5174.8,5027.8,5063.2,0.0,56554
2019-02-27,5084.2,5107.2,4970.0,5017.4,0.0,49763
2019-02-28,5022.0,5085.0,5002.2,5034.6,0.0,43118
2019-03-01,5070.6,5086.8,4980.0,5081.2,0.0,50122
2019-03-04,5123.0,5259.8,5098.2,5144.4,0.0,56909
2019-03-05,5146.4,5314.0,5141.2,5298.8,0.0,52240
2019-03-06,5317.0,5414.0,5241.2,5400.0,0.0,61347
2019-03-07,5387.8,5533.4,5353.0,5442.4,0.0,63021
2019-03-08,5318.0,5471.6,5258.0,5296.4,0.0,76037
2019-03-11,5331.4,5463.6,5291.4,5448.8,0.0,59247
2019-03-12,5491.2,5598.6,5461.2,5546.2,0.0,61910
2019-03-13,5544.0,5546.0,5362.0,5403.6,0.0,62861
2019-03-14,5392.4,5416.0,5250.6,5289.6,0.0,40109
2019-03-15,5312.6,5433.2,5312.6,5351.2,0.0,17625
2019-03-18,5361.6,5515.2,5303.8,5513.8,0.0,59618
2019-03-19,5498.2,5537.0,5455.0,5487.4,0.0,52490
2019-03-20,5482.0,5503.4,5352.2,5470.0,0.0,60872
2019-03-21,5485.0,5628.0,5485.0,5541.4,0.0,68987
2019-03-22,5560.4,5614.0,5470.0,5611.2,0.0,61671
2019-03-25,5523.0,5597.0,5506.6,5518.6,0.0,60231
2019-03-26,5555.0,5559.4,5345.0,5358.0,0.0,61628
2019-03-27,5389.0,5415.0,5313.2,5391.6,0.0,57409
2019-03-28,5372.6,5447.6,5311.2,5318.6,0.0,59915
2019-03-29,5333.2,5555.2,5322.4,5534.4,0.0,65790
2019-04-01,5574.8,5767.4,5574.8,5766.0,0.0,61104
2019-04-02,5795.2,5825.6,5722.6,5746.6,0.0,52935
2019-04-03,5716.0,5852.2,5712.6,5828.6,0.0,52822
2019-04-04,5858.0,5898.0,5792.4,5882.6,5863.0,55547
2019-04-08,5929.0,5935.0,5737.4,5800.8,0.0,59401
2019-04-09,5795.0,5863.0,5774.2,5836.8,0.0,52852
2019-04-10,5806.0,5901.0,5747.0,5818.8,0.0,60633
2019-04-11,5824.8,5837.0,5702.0,5721.2,0.0,54574
2019-04-12,5720.8,5740.0,5656.6,5701.2,5694.2,47813
2019-04-15,5788.8,5806.2,5589.0,5609.0,0.0,58113
2019-04-16,5596.6,5765.2,5555.8,5759.2,0.0,54778
2019-04-17,5761.0,5831.8,5733.4,5772.4,0.0,46711
2019-04-18,5777.6,5802.0,5736.4,5765.2,0.0,29376
2019-04-19,5777.0,5799.0,5708.6,5781.2,0.0,15478
2019-04-22,5782.8,5785.8,5628.6,5677.0,0.0,58295
2019-04-23,5667.0,5671.8,5544.4,5552.8,0.0,64899
2019-04-24,5575.0,5660.6,5511.8,5627.0,0.0,70935
2019-04-25,5617.6,5624.0,5397.4,5411.2,0.0,71753
2019-04-26,5398.6,5476.0,5371.8,5375.2,0.0,76777
2019-04-29,5390.0,5395.0,5226.2,5258.8,0.0,86229
2019-04-30,5254.0,5342.2,5222.6,5267.2,0.0,80212
2019-05-06,5120.0,5120.0,4749.2,4810.0,0.0,93045
2019-05-07,4887.6,4964.4,4839.2,4906.0,0.0,93047
2019-05-08,4827.0,5007.8,4815.0,4873.2,0.0,85185
2019-05-09,4829.0,4927.2,4810.6,4842.8,0.0,83219
2019-05-10,4919.8,5051.0,4775.4,5018.0,0.0,107096
2019-05-13,4964.4,5008.8,4914.0,4938.4,0.0,306
2019-05-14,4930.2,4992.0,4896.0,4938.8,0.0,387
2019-05-15,4978.6,5076.6,4962.0,5046.2,0.0,306
2019-05-16,5035.0,5104.2,5031.0,5091.4,0.0,38288
2019-05-17,5003.2,5020.0,4793.6,4824.8,0.0,85721
2019-05-20,4845.0,4855.6,4730.0,4825.0,0.0,85614
2019-05-21,4849.4,4966.6,4826.0,4903.6,0.0,88042
2019-05-22,4902.0,4924.8,4828.0,4889.8,0.0,77555
2019-05-23,4872.2,4878.2,4765.0,4788.2,0.0,79269
2019-05-24,4796.6,4819.2,4753.0,4772.6,0.0,77105
2019-05-27,4776.4,4935.0,4749.6,4903.0,0.0,86404
2019-05-28,4908.0,4944.0,4871.0,4888.8,0.0,70165
2019-05-29,4874.4,4929.6,4855.0,4866.0,0.0,72066
2019-05-30,4866.0,4868.8,4763.0,4868.6,0.0,84965
2019-05-31,4856.2,4921.0,4792.6,4808.8,0.0,83216
2019-06-03,4864.0,4886.8,4739.0,4788.0,0.0,87354
2019-06-04,4776.4,4795.6,4713.2,4746.8,0.0,71056
2019-06-05,4788.2,4796.0,4720.2,4721.8,0.0,73115
2019-06-06,4715.0,4726.8,4608.8,4611.8,0.0,83465
2019-06-10,4645.8,4717.2,4601.2,4658.0,0.0,84469
2019-06-11,4671.0,4886.4,4670.6,4876.6,0.0,97428
2019-06-12,4864.4,4879.8,4801.2,4816.4,0.0,74938
2019-06-13,4814.4,4862.6,4781.0,4838.6,0.0,78663
2019-06-14,4846.0,4860.8,4741.0,4769.2,0.0,70177
2019-06-17,4766.4,4816.4,4752.2,4792.8,0.0,66740
2019-06-18,4794.0,4822.0,4751.2,4790.8,0.0,67986
2019-06-19,4910.0,4967.0,4850.2,4855.0,0.0,68263
2019-06-20,4854.8,5008.0,4840.0,4954.2,0.0,51325
2019-06-21,4998.2,5034.4,4953.6,4975.0,0.0,83949
2019-06-24,4986.0,4994.0,4939.6,4974.6,0.0,56601
2019-06-25,4961.0,4968.0,4841.6,4920.8,0.0,78196
2019-06-26,4890.0,4953.2,4887.0,4916.2,0.0,58065
2019-06-27,4940.2,5004.0,4923.0,4957.2,0.0,77888
2019-06-28,4949.2,4954.4,4865.2,4920.0,0.0,70531
2019-07-01,5039.2,5081.6,4971.2,5050.0,0.0,79679
2019-07-02,5038.2,5056.0,5012.4,5033.4,0.0,54108
2019-07-03,5006.2,5017.0,4980.0,5004.6,0.0,55798
2019-07-04,5006.0,5038.8,4950.0,4984.0,0.0,61859
2019-07-05,4983.2,5029.8,4964.4,5017.0,0.0,55873
2019-07-08,4995.4,4996.0,4806.0,4821.6,0.0,75411
2019-07-09,4834.4,4853.6,4803.8,4829.4,0.0,52896
2019-07-10,4850.0,4864.4,4793.4,4809.8,0.0,49192
2019-07-11,4825.2,4880.0,4771.2,4800.6,0.0,69402
2019-07-12,4801.0,4855.4,4788.0,4843.0,0.0,64621
2019-07-15,4812.4,4949.2,4745.2,4906.0,0.0,86145
2019-07-16,4898.2,4933.0,4894.2,4921.2,0.0,52679
2019-07-17,4922.0,4949.4,4903.8,4911.4,0.0,54806
2019-07-18,4890.6,4895.0,4844.4,4848.2,0.0,41908
2019-07-19,4896.0,4927.6,4864.6,4881.4,0.0,17644
2019-07-22,4833.4,4853.4,4704.2,4733.2,0.0,69023
2019-07-23,4741.0,4789.4,4732.0,4776.4,0.0,51423
2019-07-24,4801.4,4872.6,4800.0,4820.4,0.0,62766
2019-07-25,4827.0,4864.0,4813.6,4846.4,0.0,53484
2019-07-26,4835.4,4867.4,4812.0,4859.2,0.0,53533
2019-07-29,4854.4,4878.8,4813.0,4844.0,0.0,48147
2019-07-30,4857.4,4933.0,4846.2,4877.6,0.0,62879
2019-07-31,4870.0,4891.6,4853.0,4874.0,0.0,49306
2019-08-01,4850.0,4872.8,4814.8,4841.0,0.0,50967
2019-08-02,4730.2,4784.4,4721.0,4779.2,0.0,56553
2019-08-05,4754.8,4804.4,4717.6,4725.0,0.0,58108
2019-08-06,4648.0,4673.0,4536.2,4626.8,0.0,80351
2019-08-07,4650.0,4655.0,4591.0,4591.6,0.0,51895
2019-08-08,4625.0,4638.0,4604.0,4616.6,0.0,49123
2019-08-09,4641.0,4658.6,4557.2,4570.6,0.0,58172
2019-08-12,4583.0,4672.6,4568.6,4665.8,0.0,60225
2019-08-13,4651.0,4652.0,4612.2,4646.8,0.0,46131
2019-08-14,4694.0,4732.0,4668.4,4672.0,0.0,45884
2019-08-15,4590.0,4717.0,4585.8,4701.8,0.0,40728
2019-08-16,4655.0,4708.8,4649.0,4664.8,0.0,66005
2019-08-19,4725.0,4856.6,4717.2,4853.8,0.0,83306
2019-08-20,4846.6,4891.0,4826.6,4831.8,0.0,64058
2019-08-21,4830.0,4861.0,4818.8,4842.8,0.0,50454
2019-08-22,4853.6,4856.8,4803.0,4837.2,0.0,59246
2019-08-23,4843.0,4869.6,4812.2,4841.8,0.0,66503
2019-08-26,4762.8,4828.8,4760.0,4815.0,0.0,69646
2019-08-27,4842.0,4965.0,4835.0,4874.4,0.0,86348
2019-08-28,4885.0,4911.4,4871.0,4885.8,0.0,51616
2019-08-29,4898.6,4919.4,4866.2,4891.2,0.0,60207
2019-08-30,4920.6,4947.0,4814.0,4859.0,0.0,75293
2019-09-02,4864.8,5006.8,4851.0,4977.4,0.0,82519
2019-09-03,4993.8,5008.4,4965.4,5004.0,0.0,57834
2019-09-04,5000.2,5098.0,4991.2,5098.0,0.0,80398
2019-09-05,5130.0,5213.0,5113.0,5125.8,0.0,96635
2019-09-06,5155.8,5168.8,5107.8,5151.4,0.0,65819
2019-09-09,5181.0,5249.8,5151.0,5248.6,0.0,73792
2019-09-10,5243.4,5255.8,5192.8,5236.4,0.0,67014
2019-09-11,5250.0,5275.8,5191.6,5218.0,0.0,77217
2019-09-12,5238.0,5269.6,5189.4,5240.2,0.0,65354
2019-09-16,5253.8,5279.4,5214.0,5237.4,0.0,68394
2019-09-17,5224.0,5227.0,5117.0,5130.0,0.0,67842
2019-09-18,5142.8,5161.8,5124.4,5130.8,0.0,49748
2019-09-19,5140.6,5187.8,5120.2,5185.6,0.0,41918
2019-09-20,5165.0,5186.6,5135.2,5147.4,0.0,62810
2019-09-23,5140.0,5148.0,5073.6,5139.4,0.0,68644
2019-09-24,5141.8,5224.4,5120.4,5127.2,0.0,79129
2019-09-25,5112.0,5117.0,5044.6,5047.6,0.0,71744
2019-09-26,5067.6,5073.4,4949.2,4953.2,0.0,74898
2019-09-27,4966.0,5014.4,4960.0,4978.6,0.0,59774
2019-09-30,4976.4,5003.6,4890.0,4894.0,0.0,63138
2019-10-08,4931.2,4979.0,4912.6,4916.6,0.0,58764
2019-10-09,4906.0,4974.6,4883.6,4959.8,0.0,64668
2019-10-10,4964.4,5032.0,4951.0,5023.2,0.0,65907
2019-10-11,5035.0,5065.0,4988.0,5055.6,0.0,68703
2019-10-14,5087.4,5150.0,5075.0,5103.0,0.0,73688
2019-10-15,5093.6,5096.6,5043.0,5051.8,0.0,55043
2019-10-16,5061.8,5090.2,5020.2,5021.0,0.0,56840
2019-10-17,5031.0,5052.6,5008.8,5028.2,0.0,40079
2019-10-18,5039.8,5063.2,4954.2,4976.2,0.0,19984
2019-10-21,4890.0,4909.8,4842.8,4902.6,0.0,53773
2019-10-22,4920.0,4976.2,4901.2,4954.8,0.0,68213
2019-10-23,4950.0,4966.6,4892.2,4923.0,0.0,56421
2019-10-24,4920.8,4934.0,4850.0,4924.0,0.0,62914
2019-10-25,4915.0,4979.0,4871.4,4974.2,0.0,69292
2019-10-28,5031.0,5051.2,5000.0,5046.4,0.0,66222
2019-10-29,5044.0,5044.0,4979.0,4979.6,0.0,52337
2019-10-30,4963.4,4964.8,4908.0,4916.0,0.0,58550
2019-10-31,4928.6,4942.8,4880.2,4892.8,0.0,55112
2019-11-01,4883.6,4954.0,4867.2,4948.2,0.0,62471
2019-11-04,4966.0,4998.0,4949.2,4957.8,0.0,55524
2019-11-05,4970.4,5033.6,4944.4,4998.2,0.0,65170
2019-11-06,4995.0,5009.4,4922.0,4955.4,0.0,58265
2019-11-07,4946.2,5014.0,4943.2,4990.4,0.0,70374
2019-11-08,5030.0,5048.6,4966.6,4970.8,0.0,68193
2019-11-11,4940.0,4941.4,4855.0,4862.0,0.0,56246
2019-11-12,4872.6,4882.0,4812.4,4867.4,0.0,59410
2019-11-13,4860.0,4878.8,4842.2,4872.2,0.0,46979
2019-11-14,4871.2,4923.2,4866.0,4903.0,0.0,37402
2019-11-15,4841.2,4885.0,4800.8,4820.4,0.0,73086
2019-11-18,4818.0,4868.0,4805.0,4855.0,0.0,67501
2019-11-19,4850.0,4948.4,4849.0,4943.6,0.0,69117
2019-11-20,4939.8,4954.6,4897.8,4900.4,0.0,59080
2019-11-21,4882.2,4933.2,4874.0,4917.0,0.0,63783
2019-11-22,4926.4,5002.6,4832.8,4853.0,0.0,99645
2019-11-25,4862.0,4885.8,4820.0,4874.4,0.0,67951
2019-11-26,4892.4,4899.6,4843.6,4853.2,0.0,67573
2019-11-27,4850.2,4919.6,4837.8,4880.2,0.0,78409
2019-11-28,4874.8,4899.0,4857.6,4875.8,0.0,62153
2019-11-29,4868.0,4896.8,4824.0,4881.0,0.0,74132
2019-12-02,4894.0,4925.0,4870.8,4896.0,0.0,62113
2019-12-03,4885.0,4925.8,4851.6,4924.8,0.0,68556
2019-12-04,4906.0,4932.6,4887.6,4911.8,0.0,64089
2019-12-05,4926.4,4980.0,4914.4,4960.2,0.0,69665
2019-12-06,4966.0,5018.8,4951.0,5015.6,0.0,64135
2019-12-09,5025.2,5046.2,5003.6,5025.6,0.0,61202
2019-12-10,5006.6,5066.0,4998.2,5050.2,0.0,61798
2019-12-11,5041.0,5053.0,5006.0,5031.6,0.0,59973
2019-12-12,5031.6,5055.0,5014.6,5017.8,0.0,55644
2019-12-13,5068.0,5107.2,5040.2,5093.0,0.0,68463
2019-12-16,5086.0,5175.8,5081.0,5164.4,0.0,64011
2019-12-17,5169.0,5279.8,5160.0,5245.0,0.0,67609
2019-12-18,5240.2,5282.0,5230.4,5244.4,0.0,54655
2019-12-19,5246.0,5265.0,5224.8,5250.6,0.0,36409
2019-12-20,5256.6,5272.0,5193.8,5204.6,0.0,63298
2019-12-23,5178.0,5203.0,5068.8,5074.2,0.0,72603
2019-12-24,5095.6,5161.6,5084.4,5143.2,0.0,56636
2019-12-25,5142.0,5186.8,5128.4,5167.8,0.0,65731
2019-12-26,5162.2,5204.0,5144.0,5202.8,0.0,64679
2019-12-27,5207.6,5247.6,5162.8,5163.6,0.0,73748
2019-12-30,5145.8,5258.0,5113.8,5245.0,0.0,76383
2019-12-31,5250.0,5279.0,5221.2,5269.8,0.0,58295
2020-01-02,5300.0,5392.4,5281.0,5361.8,0.0,68331
2020-01-03,5375.4,5402.0,5358.0,5378.0,0.0,56333
2020-01-06,5360.2,5497.8,5357.6,5433.0,0.0,78955
2020-01-07,5443.0,5506.8,5438.6,5501.0,0.0,68365
2020-01-08,5480.4,5507.8,5405.2,5433.6,0.0,79715
2020-01-09,5477.6,5501.0,5449.2,5498.0,0.0,68051
2020-01-10,5514.8,5526.0,5446.0,5468.0,0.0,65874
2020-01-13,5471.8,5573.6,5436.0,5571.2,0.0,73020
2020-01-14,5589.8,5594.6,5537.0,5543.6,0.0,55225
2020-01-15,5533.0,5548.8,5489.4,5523.6,0.0,54143
2020-01-16,5531.8,5558.0,5514.8,5538.4,0.0,39505
2020-01-17,5551.6,5558.0,5505.4,5515.0,0.0,18325
2020-01-20,5517.0,5600.0,5493.0,5598.8,0.0,60036
2020-01-21,5572.2,5582.4,5495.4,5516.6,0.0,68137
2020-01-22,5495.0,5608.0,5421.0,5580.8,0.0,77377
2020-01-23,5510.0,5546.4,5299.8,5346.4,0.0,91119
2020-02-03,4805.4,4922.0,4805.4,4805.4,0.0,49162
2020-02-04,4900.0,4999.0,4820.0,4953.0,0.0,79308
2020-02-05,4988.8,5139.0,4986.0,5064.4,0.0,83573
2020-02-06,5075.0,5279.2,5048.6,5250.4,0.0,89274
2020-02-07,5228.4,5303.6,5200.0,5300.4,0.0,83767
2020-02-10,5271.0,5337.8,5256.0,5326.4,0.0,74190
2020-02-11,5341.0,5359.8,5282.0,5316.4,0.0,71249
2020-02-12,5303.0,5437.0,5300.6,5437.0,0.0,72807
2020-02-13,5431.4,5451.8,5371.4,5392.0,0.0,75407
2020-02-14,5388.8,5462.6,5363.0,5405.6,0.0,73256
2020-02-17,5440.0,5603.2,5435.0,5595.6,0.0,70390
2020-02-18,5590.4,5646.6,5565.2,5628.6,0.0,70661
2020-02-19,5622.0,5662.6,5591.0,5603.8,0.0,53028
2020-02-20,5590.0,5698.8,5545.0,5667.8,0.0,90551
2020-02-21,5667.0,5796.8,5664.0,5775.0,0.0,113592
2020-02-24,5759.0,5849.6,5705.6,5806.0,0.0,114820
2020-02-25,5766.0,5868.0,5618.0,5852.6,0.0,159033
2020-02-26,5801.2,5818.4,5684.8,5715.4,0.0,157332
2020-02-27,5736.0,5769.8,5670.0,5710.0,0.0,130695
2020-02-28,5540.0,5606.2,5368.0,5383.0,0.0,168648
2020-03-02,5463.0,5658.8,5463.0,5598.6,0.0,138443
2020-03-03,5710.0,5788.0,5599.4,5620.4,0.0,137258
2020-03-04,5625.2,5677.0,5542.0,5658.4,0.0,120774
2020-03-05,5739.0,5765.8,5654.8,5728.6,0.0,127585
2020-03-06,5690.6,5728.8,5660.4,5681.0,0.0,109111
2020-03-09,5582.0,5605.0,5438.6,5468.4,0.0,130204
2020-03-10,5508.6,5645.0,5400.0,5635.2,0.0,152951
2020-03-11,5645.0,5662.0,5525.0,5525.0,0.0,116536
2020-03-12,5469.0,5508.0,5385.2,5477.0,0.0,119474
2020-03-13,5200.0,5494.4,5180.0,5447.0,0.0,151902
2020-03-16,5419.0,5443.0,5133.4,5148.8,0.0,123728
2020-03-17,5296.0,5300.8,5052.0,5165.4,0.0,133148
2020-03-18,5200.0,5324.4,5073.2,5087.4,0.0,121078
2020-03-19,5119.0,5188.0,5001.0,5147.4,0.0,85782
2020-03-20,5168.0,5180.0,5062.4,5166.8,0.0,120449
2020-03-23,5007.0,5079.8,4928.8,4964.2,0.0,128182
2020-03-24,5060.0,5088.0,4924.6,5030.0,0.0,138452
2020-03-25,5125.0,5181.8,5097.0,5141.6,0.0,116380
2020-03-26,5111.0,5155.2,5077.4,5089.0,0.0,104375
2020-03-27,5149.0,5178.8,5053.6,5053.6,0.0,121557
2020-03-30,5001.2,5032.8,4909.0,4975.2,0.0,116131
2020-03-31,5020.0,5044.0,4950.0,4958.8,0.0,103206
2020-04-01,4963.2,5067.0,4937.4,4950.4,0.0,117080
2020-04-02,4956.0,5133.6,4953.0,5130.4,0.0,123118
2020-04-03,5103.6,5113.0,5029.4,5061.6,0.0,100375
2020-04-07,5160.0,5241.6,5156.2,5213.0,0.0,96575
2020-04-08,5195.4,5252.0,5189.0,5229.2,0.0,84867
2020-04-09,5260.0,5299.0,5250.4,5273.2,0.0,85891
2020-04-10,5269.2,5274.6,5164.4,5195.8,0.0,97767
2020-04-13,5160.0,5178.4,5117.8,5139.8,0.0,79025
2020-04-14,5180.0,5271.0,5175.2,5262.0,0.0,87282
2020-04-15,5266.0,5303.0,5250.0,5251.4,0.0,71159
2020-04-16,5235.4,5332.0,5231.4,5308.4,0.0,61961
2020-04-17,5308.8,5335.0,5228.4,5251.8,0.0,94599
2020-04-20,5280.0,5307.0,5250.8,5295.2,0.0,70358
2020-04-21,5276.4,5282.8,5176.4,5255.8,0.0,90792
2020-04-22,5215.0,5322.0,5212.8,5319.0,0.0,89027
2020-04-23,5310.4,5332.8,5263.2,5282.6,0.0,83304
2020-04-24,5267.0,5279.8,5188.2,5216.2,0.0,83713
2020-04-27,5230.0,5265.0,5189.6,5202.8,0.0,77761
2020-04-28,5202.8,5213.0,5055.0,5162.2,0.0,104737
2020-04-29,5157.6,5217.6,5154.0,5188.2,0.0,77729
2020-04-30,5232.0,5349.2,5227.0,5332.0,0.0,89562
2020-05-06,5305.0,5432.6,5303.8,5413.6,0.0,80459
2020-05-07,5420.0,5433.0,5377.0,5402.6,0.0,74941
2020-05-08,5444.0,5510.0,5428.0,5479.8,0.0,84093
2020-05-11,5506.8,5538.0,5448.4,5468.2,0.0,76023
2020-05-12,5465.0,5502.8,5430.2,5486.0,0.0,78694
2020-05-13,5470.0,5531.4,5461.6,5519.0,0.0,62443
2020-05-14,5501.8,5519.4,5476.2,5490.4,0.0,46438
2020-05-15,5437.0,5470.0,5403.8,5404.6,0.0,98181
2020-05-18,5434.6,5450.0,5372.0,5389.4,0.0,101629
2020-05-19,5431.2,5466.8,5418.4,5454.2,0.0,87615
2020-05-20,5450.2,5455.8,5393.0,5410.2,0.0,77241
2020-05-21,5430.4,5431.0,5338.0,5343.2,0.0,86042
2020-05-22,5337.0,5354.0,5251.8,5267.8,0.0,102163
2020-05-25,5266.0,5296.0,5235.2,5254.6,0.0,80064
2020-05-26,5283.4,5355.0,5275.2,5343.6,0.0,81740
2020-05-27,5344.6,5346.8,5279.2,5301.4,0.0,81867
2020-05-28,5293.4,5329.8,5223.6,5282.6,0.0,99998
2020-05-29,5271.8,5345.6,5257.0,5318.8,0.0,86695
2020-06-01,5386.0,5532.0,5382.0,5524.2,0.0,99266
2020-06-02,5555.0,5558.8,5495.0,5523.0,0.0,75368
2020-06-03,5535.0,5569.6,5510.2,5512.0,0.0,79802
2020-06-04,5534.4,5541.0,5487.8,5517.4,0.0,71088
2020-06-05,5530.4,5543.6,5490.6,5541.0,0.0,77173
2020-06-08,5572.0,5589.0,5509.0,5522.2,0.0,74515
2020-06-09,5531.0,5577.0,5511.0,5559.2,0.0,83648
2020-06-10,5563.0,5571.4,5525.2,5563.4,0.0,72094
2020-06-11,5561.4,5646.6,5515.4,5556.6,0.0,108083
2020-06-12,5507.2,5614.0,5480.0,5578.2,0.0,98637
2020-06-15,5572.2,5635.0,5556.2,5557.0,0.0,92420
2020-06-16,5620.0,5679.4,5608.4,5678.8,0.0,81444
2020-06-17,5681.0,5713.2,5656.0,5706.0,0.0,65172
2020-06-18,5709.0,5743.8,5691.0,5743.2,0.0,50659
2020-06-19,5653.8,5741.2,5652.0,5713.8,0.0,87696
2020-06-22,5729.2,5764.0,5706.6,5711.4,0.0,75312
2020-06-23,5700.0,5748.8,5677.6,5737.2,0.0,75801
2020-06-24,5749.8,5764.0,5707.8,5744.2,0.0,67046
2020-06-29,5729.4,5738.0,5668.8,5710.6,0.0,70963
2020-06-30,5741.4,5842.0,5737.4,5802.4,0.0,89079
2020-07-01,5836.6,5838.0,5766.0,5829.4,0.0,89179
2020-07-02,5829.6,5975.8,5813.8,5954.2,0.0,101213
2020-07-03,5977.0,6042.8,5951.0,6034.8,0.0,93810
2020-07-06,6088.0,6386.4,6085.0,6305.2,0.0,111689
2020-07-07,6360.0,6513.0,6352.6,6400.4,0.0,107994
2020-07-08,6438.6,6549.0,6366.8,6515.8,0.0,94394
2020-07-09,6512.6,6716.2,6506.8,6707.6,0.0,106689
2020-07-10,6680.0,6765.6,6636.4,6689.2,0.0,110294
2020-07-13,6738.8,6909.2,6726.4,6898.6,0.0,98939
2020-07-14,6880.4,6887.6,6651.0,6796.6,0.0,122407
2020-07-15,6840.0,6850.2,6584.4,6635.0,0.0,112925
2020-07-16,6663.8,6732.8,6282.2,6309.2,0.0,82208
2020-07-17,6321.0,6410.6,6251.0,6301.0,0.0,121837
2020-07-20,6383.2,6459.8,6292.0,6446.0,0.0,111419
2020-07-21,6471.8,6540.2,6432.2,6491.4,0.0,101569
2020-07-22,6469.0,6678.8,6450.4,6539.0,0.0,126055
2020-07-23,6525.0,6590.0,6359.4,6548.0,0.0,123952
2020-07-24,6504.4,6528.2,6171.0,6204.0,0.0,137979
2020-07-27,6250.0,6290.0,6162.2,6207.6,0.0,105762
2020-07-28,6278.8,6328.4,6200.4,6252.0,0.0,102098
2020-07-29,6229.8,6507.0,6228.4,6501.4,0.0,116111
2020-07-30,6518.0,6535.8,6423.0,6453.0,0.0,101048
2020-07-31,6466.0,6606.0,6364.8,6516.0,0.0,133992
2020-08-03,6599.0,6683.8,6556.4,6668.4,0.0,108629
2020-08-04,6680.0,6693.6,6592.4,6634.4,0.0,96962
2020-08-05,6648.0,6728.8,6568.8,6683.0,0.0,106194
2020-08-06,6683.0,6695.8,6683.0,6695.8,0.0,123399
2020-08-07,6656.0,6665.4,6464.0,6622.2,0.0,120598
2020-08-10,6612.0,6716.6,6551.2,6663.4,0.0,110266
2020-08-11,6663.8,6708.8,6492.0,6521.0,0.0,103406
2020-08-12,6520.0,6521.4,6317.0,6447.6,0.0,114394
2020-08-13,6488.0,6513.6,6431.2,6475.6,0.0,95187
2020-08-14,6450.0,6633.6,6445.8,6630.4,0.0,106851
2020-08-17,6657.0,6737.0,6582.6,6713.0,0.0,91826
2020-08-18,6725.0,6795.0,6717.0,6746.6,0.0,74413
2020-08-19,6758.6,6758.6,6629.8,6639.8,0.0,72031
2020-08-20,6600.0,6663.4,6564.6,6587.2,0.0,51483
2020-08-21,6540.0,6605.8,6468.4,6522.2,0.0,123052
2020-08-24,6570.0,6597.4,6471.0,6543.4,0.0,113579
2020-08-25,6566.0,6646.6,6497.0,6523.6,0.0,109046
2020-08-26,6526.0,6552.0,6392.0,6436.0,0.0,107214
2020-08-27,6453.0,6513.4,6413.2,6509.4,0.0,102227
2020-08-28,6499.8,6664.8,6456.4,6660.0,0.0,126199
2020-08-31,6705.0,6721.4,6590.0,6590.0,0.0,104000
2020-09-01,6595.0,6661.4,6583.6,6655.2,0.0,89873
2020-09-02,6685.0,6688.0,6555.2,6619.0,0.0,112053
2020-09-03,6611.0,6647.6,6550.8,6596.0,0.0,108431
2020-09-04,6501.6,6590.6,6486.4,6578.8,0.0,106021
2020-09-07,6580.8,6633.2,6403.0,6421.0,0.0,113728
2020-09-08,6449.8,6521.0,6402.2,6491.0,0.0,108180
2020-09-09,6431.0,6449.6,6271.2,6326.0,0.0,125845
2020-09-10,6376.0,6384.8,6193.2,6222.0,0.0,121067
2020-09-11,6224.0,6305.0,6206.8,6280.0,0.0,110028
2020-09-14,6329.8,6357.0,6262.6,6332.6,0.0,101633
2020-09-15,6326.0,6379.8,6302.2,6366.2,0.0,90494
2020-09-16,6351.0,6366.8,6311.2,6353.6,0.0,72522
2020-09-17,6351.0,6427.4,6288.4,6374.0,0.0,66169
2020-09-18,6302.2,6439.6,6280.2,6437.6,0.0,104001
2020-09-21,6458.2,6467.0,6352.2,6373.8,0.0,87157
2020-09-22,6345.0,6424.6,6260.0,6292.2,0.0,98382
2020-09-23,6318.4,6351.8,6285.6,6323.0,0.0,78856
2020-09-24,6288.0,6298.8,6140.4,6190.2,0.0,105127
2020-09-25,6218.2,6242.0,6160.2,6209.6,0.0,87678
2020-09-28,6231.0,6235.2,6133.4,6157.2,0.0,84433
2020-09-29,6185.0,6280.0,6165.0,6213.4,0.0,99704
2020-09-30,6240.0,6252.0,6103.0,6163.0,0.0,92636
2020-10-09,6290.0,6372.6,6276.8,6332.6,0.0,78291
2020-10-12,6385.0,6540.0,6383.2,6539.8,0.0,81735
2020-10-13,6530.0,6549.0,6465.6,6538.4,0.0,74978
2020-10-14,6522.2,6533.6,6490.6,6511.0,0.0,55923
2020-10-15,6516.0,6524.0,6455.4,6466.0,0.0,48892
2020-10-16,6465.0,6485.0,6380.8,6419.6,0.0,23456
2020-10-19,6409.2,6442.0,6235.0,6281.6,0.0,96430
2020-10-20,6276.4,6358.6,6253.0,6356.4,0.0,65871
2020-10-21,6350.0,6364.8,6231.2,6289.6,0.0,82197
2020-10-22,6258.0,6282.0,6192.2,6261.2,0.0,77443
2020-10-23,6260.0,6319.8,6150.2,6168.8,0.0,82577
2020-10-26,6132.2,6203.4,6066.0,6180.2,0.0,85852
2020-10-27,6161.4,6195.0,6130.2,6172.8,0.0,67451
2020-10-28,6168.0,6221.0,6112.2,6211.6,0.0,79731
2020-10-29,6154.0,6267.8,6134.8,6231.0,0.0,88208
2020-10-30,6261.0,6261.0,6063.4,6068.2,0.0,91515
2020-11-02,6094.4,6146.0,6077.6,6109.8,0.0,79071
2020-11-03,6139.6,6234.0,6121.2,6209.2,0.0,81403
2020-11-04,6209.0,6239.0,6137.4,6200.2,0.0,87466
2020-11-05,6265.0,6351.4,6228.0,6333.8,0.0,96367
2020-11-06,6340.0,6345.0,6216.4,6288.4,0.0,87045
2020-11-09,6351.0,6456.6,6341.6,6383.2,0.0,88740
2020-11-10,6383.2,6394.4,6300.6,6344.2,0.0,81402
2020-11-11,6325.2,6362.8,6268.0,6268.4,0.0,66082
2020-11-12,6292.0,6330.8,6262.6,6290.2,0.0,63466
2020-11-13,6272.0,6301.0,6210.2,6292.2,0.0,85643
2020-11-16,6322.0,6373.8,6281.8,6370.8,0.0,66153
2020-11-17,6347.6,6357.6,6294.2,6334.0,0.0,62831
2020-11-18,6335.0,6390.4,6306.2,6330.4,0.0,62437
2020-11-19,6311.6,6382.0,6283.0,6373.0,0.0,42905
2020-11-20,6314.0,6396.0,6306.4,6379.2,0.0,75152
2020-11-23,6400.6,6494.0,6344.0,6434.0,0.0,95412
2020-11-24,6427.0,6459.0,6410.2,6425.2,0.0,64193
2020-11-25,6449.2,6453.8,6311.2,6325.4,0.0,83701
2020-11-26,6325.2,6332.0,6265.0,6314.4,0.0,77755
2020-11-27,6308.6,6347.4,6237.0,6344.0,0.0,84309
2020-11-30,6343.8,6398.6,6272.4,6293.0,0.0,98792
2020-12-01,6304.8,6438.2,6292.0,6406.6,0.0,94142
2020-12-02,6420.0,6425.0,6363.2,6402.0,0.0,80357
2020-12-03,6393.8,6447.0,6352.4,6429.4,0.0,82023
2020-12-04,6402.8,6460.0,6371.2,6458.4,0.0,74220
2020-12-07,6462.6,6466.8,6377.4,6397.6,0.0,75338
2020-12-08,6400.0,6442.2,6394.0,6402.8,0.0,68589
2020-12-09,6408.0,6422.6,6294.0,6305.0,0.0,80833
2020-12-10,6294.8,6344.0,6253.8,6315.6,0.0,76373
2020-12-11,6326.8,6343.2,6146.6,6196.4,0.0,91042
2020-12-14,6196.0,6258.0,6166.0,6253.2,0.0,67208
2020-12-15,6240.0,6272.0,6216.6,6256.8,0.0,59891
2020-12-16,6257.2,6263.8,6208.0,6239.6,0.0,59600
2020-12-17,6230.0,6326.0,6186.2,6313.8,0.0,57952
2020-12-18,6277.0,6299.8,6204.0,6246.6,0.0,70248
2020-12-21,6249.0,6384.0,6236.4,6354.8,0.0,77150
2020-12-22,6333.0,6355.8,6213.0,6238.8,0.0,79933
2020-12-23,6245.0,6317.0,6210.0,6270.6,0.0,79809
2020-12-24,6270.4,6276.2,6172.8,6191.2,0.0,76943
2020-12-25,6175.8,6275.0,6165.4,6262.0,0.0,73039
2020-12-28,6262.2,6278.8,6188.0,6214.8,0.0,73485
2020-12-29,6214.8,6274.8,6182.4,6198.4,0.0,69341
2020-12-30,6196.6,6287.6,6172.0,6248.0,0.0,72096
2020-12-31,6275.0,6364.4,6263.0,6348.0,0.0,74813
2021-01-04,6384.0,6489.8,6334.0,6434.2,0.0,70652
2021-01-05,6434.4,6504.8,6417.0,6476.6,0.0,70706
2021-01-06,6487.6,6560.0,6430.0,6485.0,0.0,70480
2021-01-07,6484.8,6540.0,6435.8,6526.0,0.0,81599
2021-01-08,6525.4,6598.0,6463.2,6550.6,0.0,91128
2021-01-11,6557.0,6560.0,6394.6,6446.8,0.0,84589
2021-01-12,6431.0,6535.0,6430.0,6521.6,0.0,69803
2021-01-13,6508.6,6533.4,6441.8,6487.2,0.0,64635
2021-01-14,6461.0,6523.0,6410.0,6446.6,0.0,51013
2021-01-15,6430.0,6460.6,6345.6,6390.2,0.0,23125
2021-01-18,6354.0,6473.0,6336.4,6442.2,0.0,62595
2021-01-19,6442.2,6472.0,6393.0,6410.8,0.0,60973
2021-01-20,6409.6,6492.0,6396.0,6479.4,0.0,64581
2021-01-21,6491.6,6604.8,6491.4,6565.4,0.0,62356
2021-01-22,6565.6,6577.0,6496.8,6566.6,0.0,68617
2021-01-25,6564.0,6619.0,6507.0,6560.4,0.0,72128
2021-01-26,6545.0,6547.0,6453.8,6486.0,0.0,65355
2021-01-27,6491.0,6514.8,6445.2,6480.0,0.0,56438
2021-01-28,6423.4,6468.0,6365.2,6394.4,0.0,65735
2021-01-29,6413.4,6426.0,6211.0,6313.6,0.0,74734
2021-02-01,6322.0,6369.6,6308.0,6357.8,0.0,53049
2021-02-02,6371.0,6419.4,6327.2,6409.0,0.0,55135
2021-02-03,6408.0,6432.4,6365.2,6379.0,0.0,54340
2021-02-04,6369.0,6375.0,6240.2,6320.8,0.0,73882
2021-02-05,6330.0,6354.0,6216.0,6231.2,0.0,65447
2021-02-08,6245.2,6352.8,6214.0,6313.8,0.0,61967
2021-02-09,6333.6,6460.0,6317.8,6435.8,0.0,54096
2021-02-10,6451.0,6519.2,6399.2,6492.0,0.0,48016
2021-02-18,6622.4,6685.8,6536.6,6579.6,0.0,38134
2021-02-19,6500.0,6630.6,6480.4,6630.0,0.0,86168
2021-02-22,6660.0,6744.0,6565.0,6576.8,0.0,98536
2021-02-23,6566.6,6629.0,6550.0,6569.8,0.0,73763
2021-02-24,6585.6,6603.0,6438.4,6491.2,0.0,91900
2021-02-25,6562.2,6562.2,6417.0,6472.2,0.0,81227
2021-02-26,6400.0,6418.0,6296.0,6320.4,0.0,86242
2021-03-01,6372.2,6439.0,6362.0,6438.0,0.0,68521
2021-03-02,6439.0,6451.0,6325.6,6380.6,0.0,79216
2021-03-03,6378.0,6481.2,6378.0,6463.0,0.0,70999
2021-03-04,6420.4,6444.6,6340.0,6372.8,0.0,79180
2021-03-05,6320.6,6427.8,6302.6,6399.0,0.0,84514
2021-03-08,6430.8,6478.2,6231.0,6243.6,0.0,88670
2021-03-09,6225.0,6248.6,6042.0,6126.4,0.0,102035
2021-03-10,6173.6,6188.0,6038.8,6042.8,0.0,81796
2021-03-11,6064.0,6218.2,6027.2,6212.4,0.0,80169
2021-03-12,6212.0,6222.2,6117.6,6215.2,0.0,73885
2021-03-15,6197.2,6225.6,6106.8,6183.0,0.0,70795
2021-03-16,6179.6,6232.0,6132.2,6179.2,0.0,65873
2021-03-17,6166.0,6234.0,6112.2,6213.2,0.0,67538
2021-03-18,6205.2,6308.0,6205.2,6263.0,0.0,51526
2021-03-19,6200.0,6260.0,6180.0,6196.8,0.0,24696
2021-03-22,6174.0,6268.8,6156.2,6246.0,0.0,69340
2021-03-23,6246.0,6266.2,6140.0,6188.0,0.0,71116
2021-03-24,6157.2,6199.0,6107.2,6133.4,0.0,63459
2021-03-25,6110.2,6178.0,6081.6,6155.6,0.0,68446
2021-03-26,6168.0,6255.0,6166.0,6232.4,0.0,64392
2021-03-29,6233.6,6246.8,6181.0,6230.6,0.0,58085
2021-03-30,6205.0,6264.6,6183.6,6245.0,0.0,56841
2021-03-31,6242.0,6252.0,6168.2,6237.8,0.0,59536
2021-04-01,6239.4,6308.0,6211.0,6291.0,0.0,54454
2021-04-02,6281.2,6317.2,6264.0,6296.4,0.0,47323
2021-04-06,6319.8,6360.0,6290.2,6300.6,0.0,52567
2021-04-07,6318.0,6326.8,6255.2,6314.0,0.0,56160
2021-04-08,6300.0,6360.8,6275.2,6345.8,0.0,59083
2021-04-09,6322.4,6352.0,6292.2,6326.8,0.0,56489
2021-04-12,6311.0,6329.8,6207.0,6237.2,0.0,68184
2021-04-13,6217.2,6262.6,6200.0,6219.8,0.0,56100
2021-04-14,6218.0,6297.0,6217.8,6271.0,0.0,51004
2021-04-15,6268.6,6291.4,6206.6,6276.4,0.0,45787
2021-04-16,6220.6,6328.0,6220.6,6325.4,0.0,65128
2021-04-19,6311.8,6412.0,6284.0,6385.4,0.0,62299
2021-04-20,6385.0,6428.0,6375.4,6400.0,0.0,46888
2021-04-21,6380.0,6408.8,6335.0,6385.4,0.0,49806
2021-04-22,6418.6,6432.8,6380.0,6397.4,0.0,49813
2021-04-23,6401.2,6445.0,6367.0,6443.0,0.0,53758
2021-04-26,6454.2,6527.6,6402.8,6417.6,0.0,62765
2021-04-27,6436.2,6450.0,6385.0,6413.2,0.0,50661
2021-04-28,6418.8,6472.4,6373.6,6462.4,0.0,53624
2021-04-29,6466.6,6478.0,6428.2,6464.0,0.0,46916
2021-04-30,6458.0,6491.0,6402.0,6477.6,0.0,58223
2021-05-06,6494.8,6535.0,6412.4,6446.2,0.0,61977
2021-05-07,6473.2,6514.2,6422.6,6430.2,0.0,57693
2021-05-10,6445.0,6485.0,6416.0,6443.8,0.0,54792
2021-05-11,6399.0,6458.8,6332.0,6437.8,0.0,67163
2021-05-12,6430.0,6514.8,6393.8,6506.6,0.0,57974
2021-05-13,6450.2,6488.0,6403.2,6435.0,0.0,52139
2021-05-14,6448.8,6546.0,6416.0,6545.2,0.0,54137
2021-05-17,6525.0,6615.2,6525.0,6572.2,0.0,50857
2021-05-18,6575.2,6613.0,6563.6,6595.0,0.0,37037
2021-05-19,6579.0,6593.8,6540.0,6586.8,0.0,36912
2021-05-20,6551.2,6590.6,6501.4,6556.4,0.0,32757
2021-05-21,6539.8,6544.8,6471.0,6495.2,0.0,64554
2021-05-24,6488.2,6547.6,6456.0,6515.0,0.0,58704
2021-05-25,6515.0,6616.0,6498.6,6589.0,0.0,66317
2021-05-26,6602.0,6612.0,6580.2,6600.8,0.0,49432
2021-05-27,6599.0,6664.2,6583.0,6645.6,0.0,53712
2021-05-28,6655.0,6685.8,6617.2,6651.8,0.0,50865
2021-05-31,6655.2,6695.0,6631.6,6679.0,0.0,46034
2021-06-01,6669.2,6698.0,6606.2,6675.4,0.0,61493
2021-06-02,6670.6,6689.0,6616.2,6645.0,0.0,58042
2021-06-03,6641.4,6699.2,6601.0,6601.0,0.0,63697
2021-06-04,6600.0,6695.0,6578.6,6669.0,0.0,72230
2021-06-07,6680.4,6694.0,6638.0,6669.6,0.0,51136
2021-06-08,6665.0,6726.0,6613.0,6653.0,0.0,61055
2021-06-09,6642.2,6679.0,6630.0,6658.0,0.0,46852
2021-06-10,6656.0,6760.8,6645.0,6746.2,0.0,59655
2021-06-11,6754.0,6766.0,6705.6,6726.0,0.0,52981
2021-06-15,6733.0,6741.4,6633.8,6652.4,0.0,57981
2021-06-16,6648.2,6652.8,6552.0,6571.4,0.0,57662
2021-06-17,6561.0,6622.4,6561.0,6608.0,0.0,44634
2021-06-18,6600.2,6653.6,6591.4,6648.6,0.0,21984
2021-06-21,6605.0,6680.0,6589.4,6654.8,0.0,55013
2021-06-22,6661.0,6692.0,6638.2,6678.2,0.0,46938
2021-06-23,6674.2,6768.0,6668.2,6755.2,0.0,52605
2021-06-24,6745.0,6756.2,6707.4,6739.6,0.0,45826
2021-06-25,6730.0,6815.8,6720.6,6799.8,0.0,50949
2021-06-28,6793.8,6830.0,6774.0,6793.0,0.0,42183
2021-06-29,6799.8,6809.2,6724.4,6744.8,0.0,47304
2021-06-30,6749.0,6798.8,6735.6,6764.0,0.0,43985
2021-07-01,6780.4,6788.4,6666.4,6686.2,0.0,62867
2021-07-02,6678.0,6694.0,6621.2,6639.0,0.0,56435
2021-07-05,6653.8,6698.0,6635.4,6678.4,0.0,48768
2021-07-06,6687.4,6717.4,6614.2,6675.2,0.0,60936
2021-07-07,6635.2,6746.8,6628.4,6739.0,0.0,56536
2021-07-08,6750.0,6769.0,6715.0,6721.8,0.0,48087
2021-07-09,6705.0,6790.6,6671.8,6784.2,0.0,59992
2021-07-12,6807.6,6911.4,6807.6,6866.0,0.0,60799
2021-07-13,6864.8,6954.8,6864.8,6941.6,0.0,52063
2021-07-14,6932.0,6959.0,6874.6,6909.2,0.0,55330
2021-07-15,6870.4,6929.2,6836.2,6920.0,0.0,46758
2021-07-16,6873.8,6929.6,6855.0,6886.6,0.0,57449
2021-07-19,6884.4,6891.4,6817.4,6853.6,0.0,55622
2021-07-20,6811.2,6878.2,6804.4,6860.4,0.0,48946
2021-07-21,6895.2,6955.0,6884.4,6939.2,0.0,52663
2021-07-22,6945.2,6980.0,6922.0,6975.4,0.0,43879
2021-07-23,6981.8,6998.6,6921.0,6947.0,0.0,55917
2021-07-26,6939.8,6964.0,6760.6,6827.2,0.0,80783
2021-07-27,6846.6,6884.0,6707.2,6719.4,0.0,77504
2021-07-28,6731.8,6731.8,6562.8,6628.0,0.0,84492
2021-07-29,6710.6,6748.8,6661.2,6736.8,0.0,67938
2021-07-30,6724.8,6760.0,6679.8,6758.6,0.0,61581
2021-08-02,6755.6,6845.0,6718.2,6833.8,0.0,63858
2021-08-03,6806.8,6846.6,6778.0,6795.8,0.0,54753
2021-08-04,6800.0,6887.0,6794.0,6867.2,0.0,53926
2021-08-05,6854.8,6891.0,6827.0,6867.4,0.0,48105
2021-08-06,6880.0,6899.8,6842.2,6898.2,0.0,47336
2021-08-09,6874.0,6942.6,6844.0,6913.8,0.0,54684
2021-08-10,6903.0,6968.0,6903.0,6963.6,0.0,53779
2021-08-11,6972.8,7015.2,6945.8,6996.2,0.0,52016
2021-08-12,6982.2,7085.6,6982.2,7054.6,0.0,49394
2021-08-13,7021.2,7088.0,7011.2,7080.0,0.0,48344
2021-08-16,7074.2,7086.8,7015.6,7045.4,0.0,46550
2021-08-17,7036.8,7047.8,6871.2,6894.6,0.0,60120
2021-08-18,6895.4,6948.0,6862.0,6916.6,0.0,46417
2021-08-19,6898.0,6968.0,6850.8,6952.4,0.0,34898
2021-08-20,6884.6,6890.0,6789.4,6861.8,0.0,79190
2021-08-23,6892.0,6977.0,6890.0,6946.8,0.0,60658
2021-08-24,6945.6,7033.0,6932.8,7024.4,0.0,54549
2021-08-25,7023.0,7070.0,6991.8,7061.6,0.0,47970
2021-08-26,7065.2,7101.8,7035.0,7061.2,0.0,53492
2021-08-27,7035.2,7124.2,7030.6,7106.8,0.0,61973
2021-08-30,7130.0,7182.2,7100.0,7123.2,0.0,63830
2021-08-31,7130.0,7168.4,7085.0,7155.2,0.0,59148
2021-09-01,7172.0,7184.0,7037.6,7119.0,0.0,84425
2021-09-02,7095.2,7229.0,7095.2,7218.8,0.0,67904
2021-09-03,7245.0,7285.4,7163.8,7217.0,0.0,79983
2021-09-06,7221.0,7274.0,7182.2,7258.6,0.0,65388
2021-09-07,7265.0,7454.2,7255.0,7444.8,0.0,75475
2021-09-08,7445.0,7503.6,7442.0,7482.4,0.0,58525
2021-09-09,7481.2,7567.8,7466.0,7560.8,0.0,57418
2021-09-10,7551.2,7624.0,7534.2,7593.8,0.0,68820
2021-09-13,7608.8,7618.0,7531.8,7596.4,0.0,64312
2021-09-14,7573.2,7680.2,7513.0,7545.2,0.0,81126
2021-09-15,7544.4,7624.0,7515.0,7571.8,0.0,69850
2021-09-16,7593.8,7648.0,7435.0,7442.4,0.0,55562
2021-09-17,7350.0,7415.8,7238.2,7321.0,0.0,82181
2021-09-22,7280.2,7402.2,7256.6,7385.8,0.0,63541
2021-09-23,7438.2,7467.4,7377.0,7425.0,0.0,58439
2021-09-24,7412.2,7438.0,7350.2,7370.0,0.0,66709
2021-09-27,7390.0,7397.8,7135.4,7178.2,0.0,86567
2021-09-28,7180.6,7220.8,7152.2,7187.0,0.0,58056
2021-09-29,7139.8,7162.0,7008.2,7047.0,0.0,75803
2021-09-30,7066.4,7110.8,7039.2,7095.2,0.0,55408
2021-10-08,7169.0,7198.8,7045.8,7081.4,0.0,57105
2021-10-11,7082.8,7129.6,7040.2,7083.0,0.0,55726
2021-10-12,7062.6,7089.2,6903.2,6946.2,0.0,65272
2021-10-13,6953.2,7006.2,6900.0,6981.0,0.0,60444
2021-10-14,6967.6,7032.0,6948.0,7006.2,0.0,46438
2021-10-15,7006.0,7038.2,6978.2,7025.0,0.0,24970
2021-10-18,7009.0,7033.0,6945.2,7021.0,0.0,51745
2021-10-19,7012.6,7091.6,6998.8,7070.0,0.0,41351
2021-10-20,7031.0,7118.8,7020.0,7075.6,0.0,42674
2021-10-21,7090.0,7103.6,7012.8,7054.0,0.0,42525
2021-10-22,7051.2,7075.0,6992.0,7004.2,0.0,47215
2021-10-25,7002.0,7071.0,6979.2,7059.0,0.0,42161
2021-10-26,7075.8,7125.0,7030.0,7063.6,0.0,43661
2021-10-27,7046.0,7064.0,6966.2,6998.0,0.0,43185
2021-10-28,6988.0,7003.4,6916.0,6941.0,0.0,50015
2021-10-29,6942.0,7017.8,6913.6,7015.4,0.0,48458
2021-11-01,6996.2,7072.6,6986.0,7043.6,0.0,43755
2021-11-02,7042.6,7096.0,6916.8,6988.6,0.0,55373
2021-11-03,6980.0,7048.4,6973.2,7009.4,0.0,51286
2021-11-04,7017.0,7075.2,7017.0,7066.2,0.0,38780
2021-11-05,7060.0,7079.0,7000.2,7003.6,0.0,44865
2021-11-08,7003.2,7045.6,6979.0,7022.2,0.0,41849
2021-11-09,7044.4,7091.0,7024.2,7071.2,0.0,40988
2021-11-10,7054.8,7066.8,6955.0,7055.6,0.0,52657
2021-11-11,7045.6,7119.8,7042.4,7114.0,0.0,43100
2021-11-12,7114.2,7176.8,7114.2,7165.0,0.0,35564
2021-11-15,7175.0,7193.0,7081.6,7104.8,0.0,40996
2021-11-16,7088.4,7132.0,7045.0,7054.8,0.0,35595
2021-11-17,7050.4,7104.0,7036.2,7094.2,0.0,30333
2021-11-18,7094.0,7136.4,7052.6,7085.8,0.0,31794
2021-11-19,7056.0,7172.4,7047.8,7170.0,0.0,60691
2021-11-22,7175.0,7238.0,7174.6,7210.2,0.0,48450
2021-11-23,7208.0,7253.0,7206.6,7225.0,0.0,38807
2021-11-24,7223.8,7253.0,7206.2,7221.4,0.0,40744
2021-11-25,7221.4,7235.2,7200.2,7218.0,0.0,34489
2021-11-26,7201.6,7235.0,7163.8,7196.4,0.0,46212
2021-11-29,7136.4,7219.8,7136.4,7215.2,0.0,51020
2021-11-30,7235.0,7259.4,7184.2,7221.2,0.0,52712
2021-12-01,7214.2,7271.0,7201.6,7267.2,0.0,48486
2021-12-02,7251.6,7263.0,7190.0,7215.2,0.0,54222
2021-12-03,7215.0,7288.0,7206.8,7288.0,0.0,51789
2021-12-06,7286.8,7296.6,7212.2,7215.2,0.0,50416
2021-12-07,7240.6,7246.6,7132.2,7177.2,0.0,62768
2021-12-08,7190.6,7282.8,7186.4,7277.6,0.0,56470
2021-12-09,7272.0,7330.0,7264.4,7302.4,0.0,51752
2021-12-10,7288.2,7336.6,7276.0,7322.0,0.0,47047
2021-12-13,7345.2,7369.0,7313.8,7334.6,0.0,49477
2021-12-14,7322.8,7354.0,7318.8,7332.2,0.0,43192
2021-12-15,7330.4,7359.0,7303.0,7314.6,0.0,45689
2021-12-16,7320.6,7383.8,7318.4,7380.6,0.0,41452
2021-12-17,7352.8,7358.6,7285.0,7316.0,0.0,51820
2021-12-20,7295.0,7314.0,7205.0,7230.0,0.0,53416
2021-12-21,7223.6,7305.0,7223.0,7268.8,0.0,46381
2021-12-22,7281.0,7316.6,7272.2,7297.0,0.0,34338
2021-12-23,7301.8,7365.0,7285.6,7342.8,0.0,41111
2021-12-24,7340.8,7345.4,7272.0,7309.4,0.0,48422
2021-12-27,7299.8,7349.8,7290.2,7298.4,0.0,46180
2021-12-28,7306.4,7318.8,7260.6,7310.2,0.0,40937
2021-12-29,7301.0,7315.8,7275.0,7291.2,0.0,35897
2021-12-30,7289.6,7356.2,7284.6,7335.2,0.0,45633
2021-12-31,7344.0,7404.0,7344.0,7371.8,0.0,39588
2022-01-04,7397.0,7399.6,7317.8,7371.0,0.0,44534
2022-01-05,7360.0,7363.8,7214.4,7221.8,0.0,58880
2022-01-06,7195.6,7239.8,7167.6,7225.2,0.0,46624
2022-01-07,7229.6,7255.6,7183.0,7192.0,0.0,43406
2022-01-10,7181.2,7205.0,7140.0,7191.0,0.0,40528
2022-01-11,7191.4,7222.4,7130.2,7157.8,0.0,36357
2022-01-12,7175.2,7209.6,7156.6,7200.0,0.0,35300
2022-01-13,7209.2,7212.6,7110.8,7118.8,0.0,46382
2022-01-14,7086.4,7147.2,7066.4,7088.4,0.0,47356
2022-01-17,7092.0,7182.8,7090.0,7154.6,0.0,45558
2022-01-18,7165.6,7191.8,7132.2,7166.0,0.0,41825
2022-01-19,7160.2,7196.6,7083.0,7122.2,0.0,42362
2022-01-20,7126.6,7145.0,7044.4,7063.8,0.0,34948
2022-01-21,7072.2,7077.0,6988.8,7009.2,0.0,49307
2022-01-24,6974.0,7024.8,6942.2,7004.2,0.0,40129
2022-01-25,6990.0,6994.4,6752.2,6762.2,0.0,53145
2022-01-26,6789.8,6810.0,6747.2,6786.2,0.0,46549
2022-01-27,6772.2,6790.0,6603.8,6622.0,0.0,58744
2022-01-28,6674.2,6681.6,6498.0,6561.0,0.0,61191
2022-02-07,6650.0,6697.0,6638.0,6661.6,0.0,42956
2022-02-08,6669.8,6747.2,6594.0,6742.4,0.0,49481
2022-02-09,6740.0,6848.6,6733.0,6841.8,0.0,44755
2022-02-10,6834.0,6861.6,6801.0,6836.4,0.0,35093
2022-02-11,6811.0,6845.6,6735.2,6753.8,0.0,43387
2022-02-14,6727.6,6779.8,6675.4,6699.2,0.0,45982
2022-02-15,6710.0,6759.8,6685.0,6755.4,0.0,39186
2022-02-16,6778.8,6787.0,6741.8,6767.4,0.0,34751
2022-02-17,6764.8,6806.6,6726.0,6767.8,0.0,32151
2022-02-18,6737.6,6836.8,6733.2,6829.4,0.0,53824
2022-02-21,6834.8,6864.6,6810.0,6843.2,0.0,43717
2022-02-22,6813.0,6816.6,6730.0,6785.6,0.0,56536
2022-02-23,6785.6,6885.2,6785.0,6885.2,0.0,46793
2022-02-24,6855.0,6887.6,6695.6,6773.6,0.0,74534
2022-02-25,6818.8,6910.8,6800.6,6818.2,0.0,68289
2022-02-28,6818.0,6857.0,6767.2,6848.0,0.0,55006
2022-03-01,6867.4,6891.0,6824.0,6858.6,0.0,50161
2022-03-02,6839.0,6877.0,6812.2,6867.4,0.0,41792
2022-03-03,6898.2,6909.6,6829.0,6853.4,0.0,43508
2022-03-04,6815.0,6877.8,6784.0,6817.0,0.0,59745
2022-03-07,6786.8,6786.8,6623.0,6660.6,0.0,65651
2022-03-08,6655.6,6666.6,6383.6,6395.8,0.0,83404
2022-03-09,6422.4,6445.6,5995.8,6280.8,0.0,97004
2022-03-10,6409.0,6456.0,6357.8,6376.2,0.0,70357
2022-03-11,6300.0,6488.2,6233.0,6481.2,0.0,83910
2022-03-14,6423.4,6495.0,6312.0,6312.6,0.0,77472
2022-03-15,6261.0,6283.0,5864.2,5903.0,0.0,96888
2022-03-16,6041.8,6175.2,5792.0,6153.2,0.0,93028
2022-03-17,6232.0,6380.4,6219.8,6259.2,0.0,56742
2022-03-18,6201.2,6320.8,6188.0,6293.0,0.0,66762
2022-03-21,6293.2,6347.2,6212.2,6304.6,0.0,67496
2022-03-22,6287.4,6377.6,6253.4,6308.0,0.0,56983
2022-03-23,6325.0,6389.6,6302.0,6352.8,0.0,54160
2022-03-24,6327.2,6349.0,6276.6,6299.8,0.0,56485
2022-03-25,6306.0,6342.2,6208.4,6211.0,0.0,58999
2022-03-28,6170.0,6296.6,6122.6,6258.8,0.0,69433
2022-03-29,6260.0,6289.8,6196.4,6216.0,0.0,56475
2022-03-30,6245.0,6378.0,6243.0,6375.0,0.0,65451
2022-03-31,6358.0,6370.2,6301.0,6318.6,0.0,48550
2022-04-01,6287.0,6377.0,6278.2,6368.4,0.0,54564
2022-04-06,6355.0,6358.0,6256.2,6349.0,0.0,53424
2022-04-07,6316.6,6350.8,6186.8,6195.4,0.0,66266
2022-04-08,6200.0,6214.6,6079.4,6210.0,0.0,69162
2022-04-11,6158.0,6169.0,5980.2,6007.0,0.0,76655
2022-04-12,6003.2,6144.2,5951.4,6130.4,0.0,82286
2022-04-13,6094.4,6124.8,6031.2,6045.0,0.0,62057
2022-04-14,6078.4,6166.6,6062.2,6114.8,0.0,50369
2022-04-15,6049.4,6084.6,6000.8,6018.0,0.0,71121
2022-04-18,5966.0,6077.4,5919.8,6051.0,0.0,67566
2022-04-19,6040.4,6087.8,6021.2,6066.6,0.0,52752
2022-04-20,6065.8,6082.4,5902.0,5904.2,0.0,66735
2022-04-21,5901.0,5936.6,5692.8,5719.4,0.0,87203
2022-04-22,5693.0,5765.6,5614.4,5686.6,0.0,83917
2022-04-25,5561.8,5616.8,5286.0,5316.8,0.0,101696
2022-04-26,5338.2,5412.0,5151.2,5170.8,0.0,110257
2022-04-27,5137.4,5414.6,5117.4,5414.4,0.0,117718
2022-04-28,5390.2,5426.0,5277.4,5393.0,0.0,101020
2022-04-29,5434.0,5627.6,5391.4,5619.0,0.0,106874
2022-05-05,5597.6,5701.8,5590.0,5652.2,0.0,67189
2022-05-06,5530.2,5598.8,5495.0,5504.2,0.0,82151
2022-05-09,5480.8,5591.2,5475.2,5547.0,0.0,63529
2022-05-10,5479.0,5688.0,5442.2,5672.2,0.0,90586
2022-05-11,5674.2,5844.0,5663.2,5702.4,0.0,90161
2022-05-12,5683.0,5769.0,5655.4,5718.2,0.0,73653
2022-05-13,5747.4,5787.8,5703.0,5782.4,0.0,65806
2022-05-16,5829.0,5851.0,5722.6,5750.0,0.0,62973
2022-05-17,5750.2,5799.8,5707.0,5797.0,0.0,58264
2022-05-18,5790.4,5844.0,5758.0,5783.8,0.0,55205
2022-05-19,5663.0,5783.0,5642.4,5781.2,0.0,88364
2022-05-20,5802.0,5893.6,5777.0,5891.2,0.0,96546
2022-05-23,5893.4,5914.8,5842.6,5888.0,0.0,71117
2022-05-24,5876.8,5891.8,5666.0,5678.2,0.0,96376
2022-05-25,5688.2,5774.6,5668.4,5768.6,0.0,81061
2022-05-26,5759.0,5873.0,5676.4,5852.8,0.0,97497
2022-05-27,5888.0,5911.6,5802.0,5845.0,0.0,86119
2022-05-30,5865.0,5877.6,5804.6,5872.4,0.0,70819
2022-05-31,5862.6,5997.8,5820.0,5975.0,0.0,88454
2022-06-01,5955.6,6001.0,5916.0,5970.0,0.0,73091
2022-06-02,5948.2,6059.8,5932.4,6050.2,0.0,77126
2022-06-06,6048.6,6186.4,6031.2,6157.8,0.0,90628
2022-06-07,6145.4,6172.4,6120.8,6148.0,0.0,72699
2022-06-08,6159.0,6214.0,6090.0,6190.0,0.0,90882
2022-06-09,6181.4,6191.0,6054.4,6119.8,0.0,85928
2022-06-10,6080.0,6260.0,6077.0,6250.4,0.0,92011
2022-06-13,6202.0,6248.8,6156.8,6217.8,0.0,94831
2022-06-14,6160.0,6288.0,6044.6,6281.2,0.0,112358
2022-06-15,6281.8,6413.8,6245.6,6251.6,0.0,94719
2022-06-16,6280.0,6341.0,6243.6,6253.6,0.0,63815
2022-06-17,6183.6,6305.0,6121.0,6282.4,0.0,98689
2022-06-20,6288.8,6328.6,6217.2,6265.0,0.0,79527
2022-06-21,6265.6,6288.8,6171.6,6224.2,0.0,87241
2022-06-22,6227.4,6237.8,6105.0,6115.2,0.0,89042
2022-06-23,6135.2,6278.2,6104.0,6273.2,0.0,87903
2022-06-24,6276.0,6361.8,6267.8,6348.6,0.0,80519
2022-06-27,6373.8,6431.2,6356.0,6363.6,0.0,77852
2022-06-28,6373.8,6496.0,6359.0,6477.0,0.0,69100
2022-06-29,6468.0,6482.6,6353.4,6382.2,0.0,83096
2022-06-30,6390.0,6472.2,6390.0,6425.8,0.0,84539
2022-07-01,6426.0,6464.0,6398.6,6413.2,0.0,64265
2022-07-04,6405.0,6496.4,6363.4,6491.8,0.0,65376
2022-07-05,6518.8,6532.4,6400.2,6476.4,0.0,82799
2022-07-06,6450.0,6476.8,6335.0,6401.6,0.0,77358
2022-07-07,6399.8,6473.8,6365.4,6421.6,0.0,69132
2022-07-08,6450.8,6468.8,6382.4,6383.2,0.0,65061
2022-07-11,6365.0,6367.8,6260.0,6303.8,0.0,72028
2022-07-12,6305.0,6338.0,6218.2,6225.6,0.0,74492
2022-07-13,6239.8,6274.8,6201.0,6240.2,0.0,68177
2022-07-14,6231.0,6336.8,6231.0,6302.8,0.0,56545
2022-07-15,6289.0,6328.0,6250.6,6253.0,0.0,28427
2022-07-18,6156.8,6291.8,6156.8,6270.0,0.0,70024
2022-07-19,6275.0,6309.0,6233.0,6287.4,0.0,61595
2022-07-20,6311.0,6394.6,6311.0,6373.0,0.0,54327
2022-07-21,6362.2,6377.8,6306.4,6310.2,0.0,53774
2022-07-22,6328.2,6347.0,6176.6,6244.8,0.0,76054
2022-07-25,6250.2,6279.8,6142.6,6173.6,0.0,64539
2022-07-26,6191.0,6296.6,6175.4,6273.4,0.0,61431
2022-07-27,6267.6,6317.0,6244.0,6298.0,0.0,47615
2022-07-28,6335.0,6381.0,6298.0,6305.6,0.0,56115
2022-07-29,6320.0,6343.8,6245.4,6255.2,0.0,55401
2022-08-01,6254.0,6318.0,6211.2,6311.4,0.0,55624
2022-08-02,6251.2,6251.6,6060.0,6167.4,0.0,94379
2022-08-03,6190.0,6257.4,6081.2,6102.6,0.0,72889
2022-08-04,6157.0,6157.0,6045.0,6124.4,0.0,68099
2022-08-05,6153.2,6267.0,6131.0,6258.0,0.0,63207
2022-08-08,6253.2,6304.8,6236.2,6291.4,0.0,42128
2022-08-09,6281.8,6316.0,6260.0,6309.4,0.0,40310
2022-08-10,6300.2,6337.8,6263.0,6291.0,0.0,43510
2022-08-11,6327.4,6436.8,6317.2,6426.2,0.0,52662
2022-08-12,6418.2,6449.2,6407.8,6418.4,0.0,41599
2022-08-15,6401.6,6469.2,6392.6,6429.0,0.0,45133
2022-08-16,6426.2,6498.6,6426.2,6454.0,0.0,43756
2022-08-17,6467.6,6511.8,6415.2,6492.4,0.0,44251
2022-08-18,6482.2,6488.0,6446.6,6471.4,0.0,31318
2022-08-19,6438.2,6457.0,6347.0,6350.2,0.0,65834
2022-08-22,6348.0,6450.0,6317.8,6428.6,0.0,61931
2022-08-23,6425.8,6436.2,6388.6,6432.0,0.0,50828
2022-08-24,6437.0,6442.4,6221.2,6247.4,0.0,79363
2022-08-25,6252.2,6284.8,6197.0,6278.4,0.0,72925
2022-08-26,6290.0,6339.6,6240.4,6269.0,0.0,61766
2022-08-29,6195.0,6291.8,6184.2,6272.0,0.0,64217
2022-08-30,6270.2,6282.8,6212.4,6267.0,0.0,57814
2022-08-31,6247.0,6265.6,6117.2,6139.4,0.0,83124
2022-09-01,6134.0,6194.0,6092.6,6115.0,0.0,66433
2022-09-02,6130.0,6169.6,6106.0,6130.2,0.0,63948
2022-09-05,6124.6,6174.6,6100.0,6158.4,0.0,64184
2022-09-06,6178.0,6279.2,6172.8,6272.6,0.0,67527
2022-09-07,6258.0,6304.8,6247.0,6293.0,0.0,49110
2022-09-08,6290.2,6304.4,6265.2,6269.6,0.0,46735
2022-09-09,6281.0,6328.8,6253.2,6314.6,0.0,57245
2022-09-13,6325.0,6355.0,6285.2,6292.6,0.0,62569
2022-09-14,6215.0,6279.0,6215.0,6252.8,0.0,69047
2022-09-15,6279.6,6281.8,6053.6,6100.6,0.0,64338
2022-09-16,6055.0,6079.6,5901.4,5918.0,0.0,76621
2022-09-19,5918.0,5931.2,5835.8,5876.8,0.0,64887
2022-09-20,5915.2,5984.6,5900.2,5918.6,0.0,52173
2022-09-21,5903.6,5976.8,5848.6,5949.2,0.0,57553
2022-09-22,5915.0,5992.4,5907.8,5938.6,0.0,53013
2022-09-23,5946.8,5957.0,5800.2,5873.4,0.0,76036
2022-09-26,5830.0,5929.8,5793.6,5804.4,0.0,68051
2022-09-27,5824.8,5927.0,5805.2,5912.6,0.0,63777
2022-09-28,5901.0,5912.0,5769.0,5772.0,0.0,69064
2022-09-29,5825.0,5866.0,5743.0,5790.8,0.0,64363
2022-09-30,5786.0,5816.4,5705.4,5710.2,0.0,64713
2022-10-10,5730.2,5772.0,5617.4,5639.8,0.0,62487
2022-10-11,5650.0,5715.4,5621.0,5682.8,0.0,59592
2022-10-12,5688.0,5830.2,5586.8,5812.8,0.0,81340
2022-10-13,5794.4,5878.4,5792.4,5830.2,0.0,59915
2022-10-14,5889.2,6012.4,5867.0,5983.8,0.0,68619
2022-10-17,5966.4,6036.0,5951.0,6002.4,0.0,53353
2022-10-18,6022.6,6080.0,5992.0,6035.2,0.0,53368
2022-10-19,6026.8,6048.2,5972.0,5981.2,0.0,48093
2022-10-20,5971.0,6049.2,5881.6,5964.6,0.0,47664
2022-10-21,5948.0,5985.2,5902.2,5943.8,0.0,62190
2022-10-24,5943.4,6082.0,5830.2,5897.2,0.0,78527
2022-10-25,5889.0,5936.8,5780.0,5863.6,0.0,79675
2022-10-26,5871.2,6035.2,5868.6,5975.8,0.0,75338
2022-10-27,5999.0,6039.8,5963.6,5971.2,0.0,58909
2022-10-28,5946.0,5952.4,5745.8,5771.0,0.0,75059
2022-10-31,5765.0,5874.6,5741.0,5805.0,0.0,72826
2022-11-01,5821.0,5974.4,5786.2,5965.4,0.0,86358
2022-11-02,5952.4,6038.2,5943.6,6001.4,0.0,56418
2022-11-03,5973.2,6026.6,5966.0,6003.0,0.0,47073
2022-11-04,6005.2,6181.4,6005.2,6156.2,0.0,63626
2022-11-07,6139.0,6182.8,6102.2,6136.4,0.0,52495
2022-11-08,6125.2,6148.8,6105.8,6144.8,0.0,42947
2022-11-09,6156.0,6196.4,6118.4,6123.2,0.0,43839
2022-11-10,6106.4,6132.0,6062.0,6106.0,0.0,48615
2022-11-11,6250.0,6281.0,6139.2,6139.6,0.0,66382
2022-11-14,6180.0,6213.0,6113.0,6126.4,0.0,52643
2022-11-15,6133.0,6246.0,6123.0,6231.2,0.0,50287
2022-11-16,6237.2,6266.0,6197.2,6206.4,0.0,37858
2022-11-17,6191.0,6219.8,6152.6,6215.2,0.0,32070
2022-11-18,6228.2,6272.2,6200.8,6215.6,0.0,62736
2022-11-21,6173.6,6218.0,6138.2,6204.2,0.0,60840
2022-11-22,6200.0,6206.0,6107.8,6136.6,0.0,69925
2022-11-23,6129.0,6162.0,6056.8,6128.6,0.0,68440
2022-11-24,6158.2,6168.6,6103.0,6133.4,0.0,55072
2022-11-25,6124.0,6127.4,6065.6,6096.2,0.0,55320
2022-11-28,6013.0,6080.0,5976.2,6074.8,0.0,66009
2022-11-29,6095.4,6204.8,6095.0,6172.8,0.0,71557
2022-11-30,6162.8,6194.8,6132.0,6163.8,0.0,49401
2022-12-01,6237.0,6256.0,6190.0,6190.0,0.0,53572
2022-12-02,6182.0,6234.2,6173.2,6176.0,0.0,44772
2022-12-05,6219.8,6230.6,6186.0,6209.6,0.0,57208
2022-12-06,6200.2,6265.6,6183.8,6214.6,0.0,55560
2022-12-07,6205.0,6255.0,6183.0,6201.2,0.0,53355
2022-12-08,6205.2,6214.4,6166.4,6192.2,0.0,50211
2022-12-09,6197.4,6231.8,6156.2,6204.2,0.0,60666
2022-12-12,6194.8,6197.6,6141.8,6169.6,0.0,58309
2022-12-13,6172.4,6174.0,6123.4,6137.0,0.0,51657
2022-12-14,6139.2,6158.8,6088.0,6104.0,0.0,54888
2022-12-15,6099.0,6125.2,6081.0,6100.0,0.0,43418
2022-12-16,6082.8,6097.4,6038.2,6052.8,0.0,25170
2022-12-19,6087.8,6111.6,5928.0,5971.8,0.0,54402
2022-12-20,5956.4,5958.4,5882.4,5897.4,0.0,46297
2022-12-21,5904.8,5914.4,5825.6,5865.8,0.0,40625
2022-12-22,5889.8,5897.8,5769.2,5802.0,0.0,48362
2022-12-23,5787.0,5838.0,5752.6,5791.8,0.0,47758
2022-12-26,5796.4,5883.0,5795.6,5860.6,0.0,40957
2022-12-27,5907.4,5909.4,5845.6,5897.6,0.0,35114
2022-12-28,5887.0,5905.0,5863.2,5882.4,0.0,32425
2022-12-29,5871.0,5922.2,5848.8,5869.4,0.0,37629
2022-12-30,5885.0,5900.0,5856.6,5870.8,0.0,33059
2023-01-03,5854.6,5982.4,5850.2,5958.8,0.0,45375
2023-01-04,5958.6,5973.4,5924.2,5957.0,0.0,34515
2023-01-05,5978.0,6035.2,5954.4,6019.4,0.0,40375
2023-01-06,6012.0,6066.8,6006.8,6024.2,0.0,37667
2023-01-09,6049.2,6084.6,6033.2,6033.6,0.0,36880
2023-01-10,6046.8,6064.0,6019.2,6051.8,0.0,31116
2023-01-11,6050.2,6080.0,6013.0,6025.2,0.0,38639
2023-01-12,6035.0,6064.0,6005.8,6021.6,0.0,38363
2023-01-13,6040.2,6082.0,6024.0,6082.0,0.0,39954
2023-01-16,6088.0,6194.6,6086.0,6132.0,0.0,52212
2023-01-17,6143.0,6157.6,6126.8,6137.2,0.0,34508
2023-01-18,6149.0,6183.4,6144.8,6153.4,0.0,35887
2023-01-19,6145.0,6214.0,6128.2,6211.2,0.0,31798
2023-01-20,6216.0,6255.2,6213.2,6244.2,0.0,14717
2023-01-30,6356.0,6378.0,6280.0,6282.6,0.0,41691
2023-01-31,6280.0,6328.6,6272.6,6302.0,0.0,32558
2023-02-01,6313.0,6374.2,6300.6,6361.0,0.0,39323
2023-02-02,6385.0,6413.0,6344.6,6369.0,0.0,37662
2023-02-03,6360.0,6361.6,6273.0,6343.2,0.0,44997
2023-02-06,6315.8,6333.8,6270.2,6312.2,0.0,39926
2023-02-07,6319.8,6328.6,6262.4,6320.0,0.0,40393
2023-02-08,6320.4,6331.0,6251.0,6266.0,0.0,39164
2023-02-09,6262.2,6366.8,6250.6,6363.0,0.0,47732
2023-02-10,6352.0,6368.6,6282.4,6337.4,0.0,43404
2023-02-13,6330.2,6387.6,6323.0,6371.2,0.0,38180
2023-02-14,6384.6,6408.0,6360.8,6395.8,0.0,28775
2023-02-15,6386.0,6409.8,6355.6,6379.0,0.0,33118
2023-02-16,6383.2,6436.8,6167.8,6272.2,0.0,34026
2023-02-17,6294.4,6309.0,6222.2,6236.6,0.0,52718
2023-02-20,6250.0,6335.8,6208.0,6327.6,0.0,59574
2023-02-21,6334.8,6387.8,6321.2,6355.0,0.0,50536
2023-02-22,6335.0,6387.6,6333.2,6363.0,0.0,40090
2023-02-23,6367.2,6380.8,6304.4,6351.8,0.0,44646
2023-02-24,6358.2,6365.6,6276.0,6339.4,0.0,42216
2023-02-27,6322.2,6332.0,6261.2,6302.6,0.0,48121
2023-02-28,6321.2,6356.8,6275.2,6345.8,0.0,48820
2023-03-01,6350.8,6406.0,6331.0,6387.0,0.0,44332
2023-03-02,6389.8,6408.0,6363.0,6381.0,0.0,34285
2023-03-03,6391.4,6397.8,6332.2,6372.6,0.0,40723
2023-03-06,6372.0,6396.4,6336.8,6364.0,0.0,45103
2023-03-07,6364.0,6375.0,6275.0,6276.6,0.0,53463
2023-03-08,6258.0,6304.4,6256.2,6288.0,0.0,45796
2023-03-09,6300.0,6300.0,6244.0,6278.2,0.0,44396
2023-03-10,6246.2,6262.4,6190.0,6203.0,0.0,50820
2023-03-13,6204.2,6244.0,6175.0,6241.8,0.0,54004
2023-03-14,6234.2,6242.2,6131.8,6197.0,0.0,56198
2023-03-15,6218.0,6258.8,6212.0,6228.4,0.0,52928
2023-03-16,6198.8,6219.0,6137.2,6155.0,0.0,45585
2023-03-17,6184.8,6244.4,6183.2,6200.2,0.0,20029
2023-03-20,6199.0,6207.4,6151.0,6165.2,0.0,36029
2023-03-21,6180.0,6238.8,6180.0,6226.2,0.0,36180
2023-03-22,6244.0,6268.6,6238.2,6264.2,0.0,30316
2023-03-23,6253.0,6299.0,6249.4,6298.8,0.0,31091
2023-03-24,6299.0,6312.8,6280.2,6308.6,0.0,30200
2023-03-27,6304.2,6315.8,6262.4,6296.2,0.0,36681
2023-03-28,6296.0,6318.6,6271.0,6287.8,0.0,35845
2023-03-29,6303.0,6307.8,6250.0,6261.2,0.0,35128
2023-03-30,6267.0,6304.0,6227.0,6303.0,0.0,39677
2023-03-31,6309.8,6349.4,6296.6,6347.0,0.0,34338
2023-04-03,6357.2,6429.6,6353.0,6406.0,0.0,38583
2023-04-04,6412.0,6417.2,6382.2,6415.0,0.0,33237
2023-04-06,6400.0,6427.2,6391.0,6411.4,0.0,32892
2023-04-07,6419.0,6471.8,6411.6,6457.0,0.0,32621
2023-04-10,6469.0,6471.4,6405.2,6420.4,0.0,37086
2023-04-11,6423.0,6433.6,6395.2,6416.0,0.0,32567
2023-04-12,6410.0,6442.0,6410.0,6436.2,0.0,29838
2023-04-13,6429.0,6441.2,6402.2,6408.0,0.0,37781
2023-04-14,6422.0,6451.6,6401.8,6423.8,0.0,36562
2023-04-17,6417.2,6460.4,6410.6,6454.4,0.0,36940
2023-04-18,6453.4,6455.0,6415.0,6439.0,0.0,36553
2023-04-19,6439.0,6453.4,6400.0,6414.6,0.0,33114
2023-04-20,6408.0,6412.2,6382.2,6404.0,0.0,30621
2023-04-21,6414.0,6414.0,6286.8,6289.6,0.0,18943
2023-04-24,6245.4,6253.4,6180.2,6204.0,0.0,43410
2023-04-25,6210.0,6210.0,6037.4,6108.6,0.0,53066
2023-04-26,6096.8,6162.2,6095.0,6131.6,0.0,44770
2023-04-27,6124.0,6198.0,6121.0,6171.4,0.0,38057
2023-04-28,6171.6,6259.6,6171.6,6254.6,0.0,34719
2023-05-04,6239.6,6256.6,6226.0,6256.6,0.0,28165
2023-05-05,6254.6,6256.6,6164.4,6196.4,0.0,35761
2023-05-08,6205.0,6259.8,6191.0,6229.4,0.0,32906
2023-05-09,6231.2,6262.0,6170.0,6175.6,0.0,37679
2023-05-10,6170.6,6205.2,6140.6,6167.2,0.0,39682
2023-05-11,6195.0,6195.0,6142.0,6147.4,0.0,26437
2023-05-12,6141.2,6177.8,6079.4,6082.2,0.0,36409
2023-05-15,6090.0,6164.0,6042.2,6154.2,0.0,41347
2023-05-16,6148.0,6157.4,6094.0,6113.2,0.0,36444
2023-05-17,6103.0,6144.4,6092.2,6116.0,0.0,32170
2023-05-18,6132.0,6153.0,6095.0,6122.6,0.0,29353
2023-05-19,6093.0,6138.0,6060.4,6108.8,0.0,45326
2023-05-22,6107.0,6128.8,6064.4,6093.8,0.0,44608
2023-05-23,6093.0,6104.6,6030.2,6030.4,0.0,42104
2023-05-24,6016.2,6049.8,5977.6,5992.8,0.0,51894
2023-05-25,5994.2,6022.8,5904.0,5966.6,0.0,55222
2023-05-26,5961.0,6037.0,5937.0,6022.6,0.0,46201
2023-05-29,6040.0,6054.6,5987.4,6015.8,0.0,40043
2023-05-30,6005.6,6056.0,5952.0,6047.6,0.0,45824
2023-05-31,6029.8,6054.8,5992.2,6033.6,0.0,46120
2023-06-01,6018.0,6088.6,6003.4,6047.0,0.0,50046
2023-06-02,6070.8,6113.4,6064.8,6096.4,0.0,40771
2023-06-05,6094.6,6096.0,6065.0,6080.0,0.0,31316
2023-06-06,6077.2,6077.8,5956.8,5962.0,0.0,53235
2023-06-07,5972.0,6003.4,5959.4,5971.0,0.0,42979
2023-06-08,5965.0,5990.8,5914.6,5959.2,0.0,51140
2023-06-09,5963.4,6017.6,5955.8,6009.4,0.0,46418
2023-06-12,5999.4,6045.8,5992.0,6016.0,0.0,51203
2023-06-13,6010.8,6046.6,6007.2,6040.0,0.0,47403
2023-06-14,6042.4,6064.0,6029.2,6042.8,0.0,47548
2023-06-15,6060.0,6108.8,6046.0,6093.6,0.0,42174
2023-06-16,6098.8,6148.8,6093.0,6145.0,0.0,21801
2023-06-19,6129.2,6137.6,6105.2,6109.8,0.0,30734
2023-06-20,6107.4,6126.8,6089.0,6106.2,0.0,28947
2023-06-21,6088.8,6091.6,5974.0,5979.2,0.0,45594
2023-06-26,5950.0,5967.0,5873.6,5890.0,0.0,49983
2023-06-27,5900.6,5938.2,5883.0,5923.0,0.0,38005
2023-06-28,5918.0,5934.2,5836.2,5931.6,0.0,42816
2023-06-29,5925.0,5945.6,5903.4,5926.4,0.0,31267
2023-06-30,5917.8,6008.0,5914.2,5992.8,0.0,37050
2023-07-03,5999.6,6047.4,5985.6,6020.4,0.0,35072
2023-07-04,6020.2,6039.0,6014.8,6037.4,0.0,23567
2023-07-05,6029.2,6037.0,5993.0,6007.2,0.0,28418
2023-07-06,5997.6,6036.4,5962.4,5966.6,0.0,34447
2023-07-07,5955.0,5973.6,5920.0,5951.0,0.0,34365
2023-07-10,5979.0,5998.4,5941.4,5968.2,0.0,27705
2023-07-11,5980.4,6027.0,5966.6,6019.6,0.0,29191
2023-07-12,6025.0,6028.8,5954.6,5958.8,0.0,31690
2023-07-13,5985.0,6054.0,5985.0,6051.2,0.0,38964
2023-07-14,6058.6,6062.4,6023.2,6026.2,0.0,25545
2023-07-17,6011.2,6016.6,5971.2,6006.6,0.0,34423
2023-07-18,6007.6,6025.0,5972.6,5997.4,0.0,36104
2023-07-19,5997.6,6015.8,5961.2,5993.2,0.0,34608
2023-07-20,6000.0,6015.6,5920.0,5929.2,0.0,33654
2023-07-21,5908.0,5967.2,5907.2,5925.4,0.0,37288
2023-07-24,5909.0,5959.0,5897.0,5916.4,0.0,27193
2023-07-25,5987.6,6027.0,5980.6,6019.6,0.0,41047
2023-07-26,6015.4,6019.4,5985.4,6005.0,0.0,23917
2023-07-27,6006.0,6018.0,5950.0,5964.0,0.0,29643
2023-07-28,5951.0,6063.4,5936.6,6052.2,0.0,40121
2023-07-31,6095.0,6159.0,6070.4,6094.4,0.0,39311
2023-08-01,6100.0,6128.8,6091.6,6099.0,0.0,27819
2023-08-02,6091.6,6118.4,6056.4,6075.8,0.0,29365
2023-08-03,6064.0,6094.0,6044.0,6093.2,0.0,28339
2023-08-04,6129.0,6172.2,6100.0,6126.6,0.0,39612
2023-08-07,6116.0,6133.0,6086.6,6104.4,0.0,29179
2023-08-08,6090.6,6095.0,6050.8,6077.2,0.0,30015
2023-08-09,6068.0,6077.8,6025.2,6036.0,0.0,27057
2023-08-10,6029.8,6051.4,6004.4,6030.4,0.0,25990
2023-08-11,6032.0,6038.0,5907.2,5910.2,0.0,37162
2023-08-14,5887.0,5926.0,5836.2,5911.8,0.0,39389
2023-08-15,5923.2,5934.4,5830.4,5880.2,0.0,39492
2023-08-16,5863.4,5889.6,5835.0,5835.0,0.0,30442
2023-08-17,5825.0,5899.0,5791.0,5882.0,0.0,51665
2023-08-18,5886.0,5907.6,5783.6,5787.0,0.0,51131
2023-08-21,5774.4,5819.6,5700.0,5714.8,0.0,53628
2023-08-22,5742.8,5759.0,5652.4,5731.2,0.0,61907
2023-08-23,5723.2,5729.0,5621.8,5637.6,0.0,53216
2023-08-24,5659.0,5712.0,5627.8,5650.2,0.0,48540
2023-08-25,5630.0,5660.0,5557.0,5587.8,0.0,59665
2023-08-28,5903.0,5904.0,5622.4,5647.8,0.0,75202
2023-08-29,5640.0,5816.0,5638.0,5771.2,0.0,77388
2023-08-30,5791.0,5828.4,5756.8,5770.6,0.0,47784
2023-08-31,5770.0,5794.0,5728.8,5742.4,0.0,40238
2023-09-01,5758.8,5784.0,5734.8,5751.0,0.0,38680
2023-09-04,5785.2,5840.0,5761.2,5833.8,0.0,51084
2023-09-05,5824.0,5831.4,5775.6,5787.4,0.0,38471
2023-09-06,5777.0,5813.8,5740.6,5786.2,0.0,42662
2023-09-07,5770.0,5779.0,5693.2,5701.6,0.0,51480
2023-09-08,5690.0,5725.2,5684.0,5697.0,0.0,40131
2023-09-11,5711.4,5806.0,5690.6,5760.0,0.0,65707
2023-09-12,5765.8,5789.2,5754.2,5769.0,0.0,41967
2023-09-13,5759.8,5772.0,5677.0,5712.4,0.0,57694
2023-09-14,5710.2,5713.8,5675.2,5709.4,0.0,48054
2023-09-15,5728.0,5748.6,5685.4,5694.6,0.0,23482
2023-09-18,5698.0,5755.0,5666.0,5731.6,0.0,50433
2023-09-19,5733.0,5733.0,5680.0,5707.6,0.0,38166
2023-09-20,5692.0,5707.0,5667.0,5668.6,0.0,26685
2023-09-21,5653.2,5685.6,5618.0,5622.8,0.0,38495
2023-09-22,5622.4,5727.0,5618.0,5726.6,0.0,48324
2023-09-25,5722.0,5722.0,5666.0,5687.2,0.0,34497
2023-09-26,5681.0,5698.2,5668.4,5671.8,0.0,26566
2023-09-27,5670.8,5728.6,5667.6,5700.0,0.0,40101
2023-09-28,5720.2,5723.8,5691.0,5695.0,0.0,26112
2023-10-09,5690.0,5696.0,5634.6,5658.2,0.0,38748
2023-10-10,5680.0,5699.4,5628.8,5635.4,0.0,30733
2023-10-11,5655.0,5689.4,5614.0,5621.2,0.0,39135
2023-10-12,5663.0,5679.0,5641.0,5665.8,0.0,34460
2023-10-13,5646.0,5648.0,5620.0,5643.8,0.0,28108
2023-10-16,5643.6,5645.8,5564.0,5586.2,0.0,38082
2023-10-17,5591.8,5596.0,5556.2,5589.4,0.0,39131
2023-10-18,5578.2,5587.0,5515.0,5527.4,0.0,40621
2023-10-19,5500.0,5532.8,5400.0,5468.2,0.0,39513
2023-10-20,5441.6,5477.0,5423.0,5430.4,0.0,19132
2023-10-23,5411.0,5412.4,5235.2,5267.0,0.0,51542
2023-10-24,5289.6,5351.0,5262.0,5315.8,0.0,50034
2023-10-25,5379.0,5413.0,5347.2,5347.8,0.0,37767
2023-10-26,5327.8,5403.8,5326.8,5379.4,0.0,40289
2023-10-27,5364.0,5516.6,5363.2,5487.0,0.0,52504
2023-10-30,5477.6,5557.6,5476.0,5527.8,0.0,41180
2023-10-31,5534.6,5544.4,5492.0,5515.4,0.0,33440
2023-11-01,5523.6,5528.8,5477.4,5507.2,0.0,31757
2023-11-02,5509.8,5529.8,5452.8,5459.4,0.0,31139
2023-11-03,5469.2,5545.8,5467.2,5502.8,0.0,41427
2023-11-06,5555.0,5608.4,5543.2,5596.0,0.0,37407
2023-11-07,5588.0,5629.6,5571.2,5598.0,0.0,29492
2023-11-08,5589.8,5624.6,5566.2,5593.0,0.0,33256
2023-11-09,5588.0,5637.6,5566.2,5582.8,0.0,33708
2023-11-10,5566.0,5577.0,5537.0,5561.2,0.0,31596
2023-11-13,5570.0,5594.8,5540.4,5590.6,0.0,35452
2023-11-14,5588.0,5633.4,5583.4,5616.6,0.0,37758
2023-11-15,5686.0,5686.0,5632.2,5655.6,0.0,36300
2023-11-16,5622.0,5627.2,5576.4,5580.2,0.0,43423
2023-11-17,5570.0,5604.6,5562.0,5591.6,0.0,43019
2023-11-20,5597.2,5646.0,5557.0,5633.0,0.0,50620
2023-11-21,5648.4,5679.6,5604.2,5617.2,0.0,45856
2023-11-22,5606.6,5627.2,5545.0,5550.8,0.0,46239
2023-11-23,5546.0,5619.4,5521.0,5612.4,0.0,49835
2023-11-24,5598.0,5599.4,5531.0,5550.8,0.0,48819
2023-11-27,5545.0,5565.4,5505.4,5546.4,0.0,43660
2023-11-28,5540.6,5577.4,5492.2,5561.8,0.0,44141
2023-11-29,5559.0,5569.6,5517.0,5539.2,0.0,35981
2023-11-30,5530.6,5542.0,5481.4,5518.2,0.0,43241
2023-12-01,5520.0,5557.8,5485.2,5536.0,0.0,49316
2023-12-04,5545.0,5565.0,5521.4,5522.2,0.0,45905
2023-12-05,5511.0,5514.4,5427.2,5436.2,0.0,52694
2023-12-06,5430.0,5505.0,5416.8,5467.4,0.0,51642
2023-12-07,5458.8,5499.4,5414.4,5477.0,0.0,60029
2023-12-08,5481.0,5524.0,5474.2,5498.4,0.0,53519
2023-12-11,5484.4,5588.0,5433.0,5558.2,0.0,68289
2023-12-12,5548.8,5577.0,5543.4,5570.2,0.0,50814
2023-12-13,5558.0,5559.8,5506.4,5513.6,0.0,51104
2023-12-14,5541.0,5569.8,5490.4,5500.0,0.0,44540
2023-12-15,5514.8,5533.0,5452.4,5456.0,0.0,24383
2023-12-18,5420.2,5437.6,5368.6,5383.8,0.0,42319
2023-12-19,5375.2,5406.8,5342.0,5373.2,0.0,39793
2023-12-20,5390.0,5391.4,5310.2,5320.2,0.0,39830
2023-12-21,5303.0,5366.6,5259.0,5335.6,0.0,52996
2023-12-22,5333.6,5371.0,5288.2,5322.4,0.0,52328
2023-12-25,5323.0,5359.0,5294.2,5316.2,0.0,33528
2023-12-26,5313.0,5313.6,5241.0,5270.4,0.0,38732
2023-12-27,5272.2,5301.6,5232.4,5282.8,0.0,38581
2023-12-28,5277.8,5404.8,5271.0,5388.0,0.0,52382
2023-12-29,5385.8,5454.2,5384.2,5431.8,0.0,46787
2024-01-02,5431.8,5438.8,5392.8,5394.2,0.0,30655
2024-01-03,5383.0,5421.4,5362.0,5388.6,0.0,34628
2024-01-04,5382.4,5384.0,5314.0,5347.8,0.0,39887
2024-01-05,5338.0,5361.0,5258.0,5282.2,0.0,45095
2024-01-08,5275.6,5275.6,5124.4,5130.6,0.0,60279
2024-01-09,5141.2,5208.8,5129.0,5155.0,0.0,56505
2024-01-10,5142.0,5207.8,5087.0,5138.8,0.0,55534
2024-01-11,5138.8,5246.8,5129.4,5209.6,0.0,52504
2024-01-12,5196.0,5256.6,5186.8,5188.6,0.0,44392
2024-01-15,5169.0,5238.0,5155.0,5178.2,0.0,50038
2024-01-16,5175.2,5198.8,5105.4,5173.4,0.0,57848
2024-01-17,5162.0,5165.2,5000.2,5017.8,0.0,52304
2024-01-18,5009.6,5068.0,4888.8,5045.0,0.0,51968
2024-01-19,4969.0,5035.0,4935.2,4950.8,0.0,51428
2024-01-22,4946.0,4950.4,4560.8,4645.6,0.0,75305
2024-01-23,4659.0,4849.0,4608.6,4800.4,0.0,82012
2024-01-24,4850.4,4898.4,4683.8,4890.2,0.0,77260
2024-01-25,4856.6,5062.6,4846.4,5060.0,0.0,69226
2024-01-26,5043.0,5056.4,4969.0,4992.6,0.0,49945
2024-01-29,5018.0,5030.0,4886.4,4893.2,0.0,53988
2024-01-30,4856.0,4916.6,4745.2,4767.8,0.0,56343
2024-01-31,4750.0,4799.6,4648.0,4657.4,0.0,74594
2024-02-01,4650.0,4762.4,4596.0,4648.8,0.0,69782
2024-02-02,4673.0,4718.0,4346.6,4512.8,0.0,82847
2024-02-05,4475.0,4585.0,4208.4,4380.0,0.0,105377
2024-02-06,4379.0,4843.8,4360.0,4822.6,0.0,99950
2024-02-07,4805.0,5134.6,4802.0,5128.6,0.0,140872
2024-02-08,5180.0,5399.0,5085.2,5110.6,0.0,168495
2024-02-19,5201.0,5213.0,5025.0,5083.4,0.0,92112
2024-02-20,5067.8,5122.6,5038.6,5097.4,0.0,69995
2024-02-21,5065.0,5248.6,5058.8,5107.2,0.0,94047
2024-02-22,5117.2,5175.0,5097.0,5159.2,0.0,70369
2024-02-23,5180.0,5193.2,5092.0,5186.0,0.0,73823
2024-02-26,5179.8,5247.8,5142.0,5168.2,0.0,73623
2024-02-27,5160.0,5308.8,5146.0,5307.8,0.0,74463
2024-02-28,5319.2,5382.8,5170.2,5175.2,0.0,103190
2024-02-29,5202.0,5362.6,5164.0,5346.4,0.0,88875
2024-03-01,5346.4,5394.4,5319.2,5382.6,0.0,66208
2024-03-04,5390.0,5404.6,5315.0,5377.0,0.0,56578
2024-03-05,5351.0,5377.0,5311.0,5334.8,0.0,59014
2024-03-06,5320.4,5413.4,5291.0,5342.8,0.0,64312
2024-03-07,5352.2,5385.0,5270.8,5272.4,0.0,56194
2024-03-08,5298.0,5368.4,5266.0,5346.2,0.0,55520
2024-03-11,5339.6,5459.2,5335.0,5456.2,0.0,57947
2024-03-12,5457.4,5486.0,5387.0,5427.6,0.0,62896
2024-03-13,5444.0,5469.8,5390.4,5417.0,0.0,51162
2024-03-14,5414.4,5454.4,5353.2,5399.0,0.0,43642
2024-03-15,5398.2,5418.8,5359.4,5412.2,0.0,23489
2024-03-18,5465.0,5536.8,5446.2,5533.0,0.0,43646
2024-03-19,5517.2,5525.6,5465.0,5472.2,0.0,42311
2024-03-20,5470.6,5505.0,5452.0,5486.0,0.0,41659
2024-03-21,5496.8,5512.8,5446.4,5457.8,0.0,41773
2024-03-22,5448.0,5458.8,5343.0,5367.0,0.0,56065
2024-03-25,5352.8,5392.8,5280.2,5293.8,0.0,50558
2024-03-26,5299.6,5317.8,5240.2,5267.4,0.0,54258
2024-03-27,5261.0,5272.4,5145.2,5150.6,0.0,51953
2024-03-28,5169.6,5280.0,5160.0,5216.8,0.0,57584
2024-03-29,5214.0,5293.6,5201.8,5288.4,0.0,45985
2024-04-01,5318.6,5414.8,5315.0,5404.0,0.0,45712
2024-04-02,5392.6,5413.8,5351.8,5381.8,0.0,37735
2024-04-03,5372.4,5379.4,5342.0,5372.0,0.0,37639
2024-04-08,5363.0,5379.0,5282.0,5286.2,0.0,45568
2024-04-09,5291.0,5338.8,5284.2,5334.2,0.0,38161
2024-04-10,5327.4,5330.6,5225.4,5269.0,0.0,46073
2024-04-11,5240.0,5360.0,5233.8,5303.0,0.0,49594
2024-04-12,5315.0,5341.0,5260.0,5263.2,0.0,45254
2024-04-15,5264.8,5385.4,5216.8,5345.0,0.0,61873
2024-04-16,5323.0,5353.6,5175.6,5198.0,0.0,62405
2024-04-17,5246.8,5346.6,5221.0,5341.8,0.0,57438
2024-04-18,5324.4,5424.6,5297.2,5353.4,0.0,39791
2024-04-19,5328.8,5358.8,5271.0,5288.0,0.0,46356
2024-04-22,5269.8,5332.2,5235.6,5246.2,0.0,40714
2024-04-23,5255.0,5285.0,5174.8,5185.6,0.0,42948
2024-04-24,5215.6,5253.6,5160.4,5251.0,0.0,37906
2024-04-25,5229.4,5288.8,5212.0,5246.8,0.0,39479
2024-04-26,5262.0,5391.2,5262.0,5373.4,0.0,54249
2024-04-29,5399.2,5505.4,5393.0,5484.8,0.0,47894
2024-04-30,5489.8,5493.0,5438.0,5442.0,0.0,34131
2024-05-06,5529.6,5548.0,5500.2,5523.4,0.0,39670
2024-05-07,5530.0,5542.8,5501.2,5522.0,0.0,27593
2024-05-08,5501.6,5508.8,5444.6,5450.6,0.0,29707
2024-05-09,5470.0,5572.0,5459.8,5548.6,0.0,37228
2024-05-10,5558.0,5576.8,5486.2,5530.8,0.0,37466
2024-05-13,5480.0,5526.6,5451.0,5497.0,0.0,38609
2024-05-14,5520.0,5544.2,5473.2,5488.6,0.0,34136
2024-05-15,5479.6,5492.6,5428.0,5443.4,0.0,31763
2024-05-16,5430.0,5445.0,5358.6,5378.4,0.0,47928
2024-05-17,5387.4,5468.2,5370.0,5460.4,0.0,59718
2024-05-20,5472.2,5511.6,5446.6,5474.0,0.0,49483
2024-05-21,5467.0,5474.2,5414.8,5440.6,0.0,36500
2024-05-22,5436.6,5448.0,5410.6,5424.0,0.0,33716
2024-05-23,5410.0,5410.0,5300.4,5326.0,0.0,49426
2024-05-24,5320.0,5368.8,5266.6,5270.4,0.0,48421
2024-05-27,5291.0,5329.8,5238.6,5322.4,0.0,46017
2024-05-28,5312.6,5322.0,5261.2,5280.0,0.0,42705
2024-05-29,5276.0,5337.0,5267.6,5290.0,0.0,47891
2024-05-30,5280.0,5324.8,5260.6,5287.0,0.0,46055
2024-05-31,5315.0,5341.6,5280.2,5282.2,0.0,42065
2024-06-03,5280.2,5295.0,5194.0,5239.8,0.0,53319
2024-06-04,5229.0,5330.0,5218.0,5307.2,0.0,53950
2024-06-05,5300.0,5318.0,5245.6,5247.6,0.0,41265
2024-06-06,5280.0,5285.6,5183.6,5208.2,0.0,61802
2024-06-07,5239.0,5248.6,5149.0,5178.0,0.0,53160
2024-06-11,5154.2,5217.8,5134.2,5198.6,0.0,46475
2024-06-12,5190.0,5228.8,5186.0,5210.0,0.0,39378
2024-06-13,5215.6,5222.8,5162.2,5184.0,0.0,42403
2024-06-14,5175.4,5239.0,5152.0,5211.6,0.0,58607
2024-06-17,5194.0,5220.8,5186.2,5198.2,0.0,44082
2024-06-18,5206.4,5247.8,5201.8,5226.6,0.0,50125
2024-06-19,5240.2,5244.8,5162.4,5169.2,0.0,50079
2024-06-20,5171.6,5184.6,5085.0,5091.0,0.0,42791
2024-06-21,5088.2,5128.8,5069.6,5106.8,0.0,20460
2024-06-24,5042.0,5048.0,4949.2,4965.0,0.0,56646
2024-06-25,4981.0,4982.8,4882.4,4923.4,0.0,55099
2024-06-26,4920.0,5003.8,4886.6,4990.2,0.0,55463
2024-06-27,4980.0,4981.8,4892.0,4908.0,0.0,47806
2024-06-28,4900.0,4992.0,4897.2,4909.0,0.0,53004
2024-07-01,4926.0,4998.4,4898.2,4968.2,0.0,45638
2024-07-02,4963.6,4973.2,4902.4,4924.6,0.0,41411
2024-07-03,4921.0,4933.2,4875.0,4879.8,0.0,39403
2024-07-04,4895.0,4907.8,4795.0,4803.8,0.0,45177
2024-07-05,4807.0,4857.6,4771.2,4842.0,0.0,48528
2024-07-08,4840.0,4840.0,4738.6,4762.4,0.0,42429
2024-07-09,4757.8,4881.0,4731.2,4854.8,0.0,60958
2024-07-10,4853.8,4881.8,4827.0,4831.4,0.0,40434
2024-07-11,4878.4,4939.6,4855.2,4925.4,0.0,47850
2024-07-12,4920.4,4934.6,4893.6,4908.0,0.0,32287
2024-07-15,4898.0,4898.0,4851.0,4862.6,0.0,36883
2024-07-16,4861.2,4903.0,4834.2,4881.2,0.0,42351
2024-07-17,4877.4,4894.8,4840.0,4851.2,0.0,41903
2024-07-18,4824.8,4881.6,4787.8,4879.2,0.0,40280
2024-07-19,4831.0,4882.2,4807.8,4846.2,0.0,45201
2024-07-22,4856.2,4874.4,4807.0,4834.4,0.0,35928
2024-07-23,4855.0,4855.0,4690.2,4691.0,0.0,43339
2024-07-24,4692.0,4711.4,4624.8,4631.4,0.0,49659
2024-07-25,4618.0,4692.8,4608.0,4627.2,0.0,49530
2024-07-26,4652.8,4727.0,4647.2,4709.4,0.0,47643
2024-07-29,4719.4,4719.4,4672.0,4679.4,0.0,32458
2024-07-30,4666.0,4694.0,4618.6,4673.0,0.0,40323
2024-07-31,4675.6,4892.4,4660.0,4890.2,0.0,65007
2024-08-01,4891.8,4936.2,4816.6,4841.0,0.0,47712
2024-08-02,4807.8,4871.4,4768.2,4777.8,0.0,44787
2024-08-05,4752.0,4849.6,4676.4,4689.8,0.0,63016
2024-08-06,4759.0,4777.2,4685.4,4738.2,0.0,47514
2024-08-07,4729.2,4780.0,4704.0,4735.6,0.0,38749
2024-08-08,4721.0,4793.0,4691.4,4752.4,0.0,45060
2024-08-09,4780.0,4808.2,4703.2,4707.8,0.0,38544
2024-08-12,4704.2,4738.0,4683.2,4717.6,0.0,35050
2024-08-13,4715.0,4734.8,4675.0,4729.2,0.0,37932
2024-08-14,4725.0,4728.8,4653.2,4653.8,0.0,35579
2024-08-15,4623.8,4735.8,4616.0,4661.2,0.0,60654
2024-08-16,4677.0,4685.4,4639.0,4642.8,0.0,44945
2024-08-19,4638.8,4720.4,4638.8,4662.0,0.0,44914
2024-08-20,4662.0,4670.0,4553.2,4572.0,0.0,56620
2024-08-21,4569.0,4586.0,4556.6,4570.6,0.0,36116
2024-08-22,4569.0,4582.0,4497.0,4514.6,0.0,49428
2024-08-23,4519.0,4538.6,4500.6,4518.6,0.0,46541
2024-08-26,4535.0,4548.0,4505.2,4527.0,0.0,39957
2024-08-27,4516.8,4518.0,4472.8,4480.2,0.0,42750
2024-08-28,4475.8,4520.6,4468.0,4483.0,0.0,44030
2024-08-29,4470.0,4576.2,4461.6,4547.2,0.0,61142
2024-08-30,4546.4,4711.2,4542.0,4628.4,0.0,78511
2024-09-02,4623.0,4631.8,4526.8,4532.4,0.0,49899
2024-09-03,4540.0,4607.6,4532.8,4576.0,0.0,50062
2024-09-04,4555.0,4618.4,4532.0,4569.2,0.0,50798
2024-09-05,4580.2,4628.6,4569.6,4592.4,0.0,43941
2024-09-06,4603.8,4615.4,4512.8,4524.2,0.0,50076
2024-09-09,4515.0,4543.0,4475.0,4494.6,0.0,50661
2024-09-10,4505.0,4524.2,4411.6,4493.0,0.0,67033
2024-09-11,4485.4,4525.0,4463.2,4509.2,0.0,48234
2024-09-12,4526.0,4573.8,4485.4,4496.4,0.0,52479
2024-09-13,4505.2,4510.0,4444.0,4444.8,0.0,49248
2024-09-18,4452.0,4476.6,4385.0,4460.0,0.0,61868
2024-09-19,4474.8,4577.6,4426.0,4530.0,0.0,55324
2024-09-20,4530.0,4530.0,4473.0,4483.8,0.0,23103
2024-09-23,4465.0,4538.8,4452.8,4478.4,0.0,45993
2024-09-24,4530.0,4706.0,4490.8,4705.6,0.0,90166
2024-09-25,4746.2,4851.4,4720.4,4730.8,0.0,78382
2024-09-26,4731.0,5002.0,4723.2,4995.2,0.0,85335
2024-09-27,5050.0,5432.4,5027.0,5430.2,0.0,130777
2024-09-30,5631.0,5902.8,5451.0,5902.8,0.0,120986
2024-10-08,6483.0,6483.0,5876.0,6098.2,0.0,152218
2024-10-09,6013.0,6108.2,5690.0,5790.8,0.0,137726
2024-10-10,5852.0,5915.6,5635.4,5712.6,0.0,105722
2024-10-11,5681.0,5684.8,5403.6,5485.0,0.0,91837
2024-10-14,5548.4,5643.0,5411.2,5605.4,0.0,77725
2024-10-15,5565.8,5669.2,5450.2,5456.4,0.0,65132
2024-10-16,5407.6,5565.2,5407.6,5463.8,0.0,63349
2024-10-17,5511.0,5555.0,5403.8,5407.0,0.0,50487
2024-10-18,5408.2,5656.8,5408.2,5646.0,0.0,25407
2024-10-21,5656.0,5793.2,5624.2,5682.4,0.0,63221
2024-10-22,5682.8,5775.6,5660.0,5750.0,0.0,51137
2024-10-23,5732.8,5850.0,5712.6,5755.8,0.0,66531
2024-10-24,5725.6,5749.6,5678.0,5710.0,0.0,53231
2024-10-25,5724.8,5839.2,5712.4,5797.0,0.0,62103
2024-10-28,5806.0,5867.0,5763.0,5857.8,0.0,50896
2024-10-29,5882.0,5900.0,5777.0,5800.8,0.0,60932
2024-10-30,5791.0,5858.6,5746.8,5814.4,0.0,61665
2024-10-31,5821.0,5920.8,5783.6,5859.6,0.0,76331
2024-11-01,5851.0,5899.0,5773.8,5821.0,0.0,74508
2024-11-04,5841.2,5920.0,5822.0,5917.4,0.0,52732
2024-11-05,5915.0,6118.6,5889.0,6093.8,0.0,77965
2024-11-06,6100.0,6186.6,6044.0,6096.0,0.0,89343
2024-11-07,6070.0,6219.6,6044.0,6207.8,0.0,73005
2024-11-08,6260.0,6304.8,6151.6,6174.0,0.0,81457
2024-11-11,6149.0,6274.6,6134.0,6240.0,0.0,72838
2024-11-12,6250.0,6316.8,6153.0,6184.0,0.0,84331
2024-11-13,6149.0,6220.0,6118.4,6186.4,0.0,77789
2024-11-14,6170.8,6174.8,6035.2,6057.4,0.0,84085
2024-11-15,6066.0,6076.6,5909.0,5913.2,0.0,102856
2024-11-18,5947.0,5949.0,5772.2,5822.0,0.0,99016
2024-11-19,5833.6,5915.0,5769.0,5890.2,0.0,96561
2024-11-20,5872.0,5979.8,5872.0,5943.8,0.0,83254
2024-11-21,5932.6,5962.8,5891.2,5933.4,0.0,67277
2024-11-22,5929.0,5937.4,5703.6,5709.0,0.0,87656
2024-11-25,5730.0,5739.0,5628.0,5688.8,0.0,89635
2024-11-26,5667.8,5726.0,5631.2,5652.8,0.0,74672
2024-11-27,5643.2,5784.8,5571.6,5767.6,0.0,98774
2024-11-28,5752.0,5798.0,5700.6,5723.6,0.0,73551
2024-11-29,5729.8,5892.6,5702.0,5822.4,0.0,97959
2024-12-02,5828.2,5948.0,5822.2,5912.0,0.0,79923
2024-12-03,5915.4,5938.2,5851.2,5903.2,0.0,73607
2024-12-04,5893.6,5913.4,5818.2,5860.0,0.0,64609
2024-12-05,5844.6,5908.0,5826.4,5878.0,0.0,63859
2024-12-06,5880.8,6006.4,5838.2,5963.4,0.0,89397
2024-12-09,5962.0,5985.0,5880.0,5922.6,0.0,65617
2024-12-10,6120.4,6165.0,5967.6,5991.4,0.0,84052
2024-12-11,5998.8,6055.4,5985.4,6036.4,0.0,63842
2024-12-12,6038.0,6115.6,6018.0,6093.0,0.0,64420
2024-12-13,6050.0,6056.4,5966.6,5998.2,0.0,82430
2024-12-16,6002.2,6002.2,5888.6,5908.0,0.0,60429
2024-12-17,5901.0,5926.6,5840.4,5850.8,0.0,66735
2024-12-18,5887.2,5930.0,5850.0,5888.6,0.0,55904
2024-12-19,5850.2,5929.8,5821.0,5911.6,0.0,48608
2024-12-20,5900.0,5956.8,5895.0,5927.6,0.0,22920
2024-12-23,5855.8,5872.6,5760.0,5762.4,0.0,30804
2024-12-24,5774.2,5851.0,5774.0,5836.0,0.0,31870
2024-12-25,5832.8,5838.0,5734.0,5784.0,0.0,33330
2024-12-26,5775.8,5842.0,5775.8,5826.4,0.0,21766
2024-12-27,5836.0,5928.6,5816.0,5847.4,0.0,31833
2024-12-30,5843.0,5881.8,5817.2,5849.0,0.0,26279
2024-12-31,5858.0,5864.0,5646.0,5647.0,0.0,44177
2025-01-02,5650.0,5663.8,5426.6,5485.2,0.0,44309
2025-01-03,5500.0,5520.0,5361.6,5387.6,0.0,47718
2025-01-06,5386.0,5427.6,5338.0,5370.2,0.0,35343
2025-01-07,5372.2,5433.0,5349.2,5423.0,0.0,31433
2025-01-08,5407.6,5451.6,5260.2,5402.8,0.0,44697
2025-01-09,5385.0,5436.8,5381.2,5390.2,0.0,25983
2025-01-10,5392.8,5444.8,5315.6,5316.2,0.0,32082
2025-01-13,5280.0,5376.8,5273.2,5337.0,0.0,33471
2025-01-14,5355.6,5549.0,5323.6,5525.0,0.0,53456
2025-01-15,5515.4,5525.0,5465.6,5481.8,0.0,30791
2025-01-16,5505.4,5602.0,5457.2,5493.4,0.0,49136
2025-01-17,5480.4,5587.8,5468.2,5550.8,0.0,57692
2025-01-20,5594.0,5644.2,5564.4,5579.6,0.0,49383
2025-01-21,5615.2,5622.4,5536.0,5595.0,0.0,47880
2025-01-22,5584.0,5584.0,5510.2,5572.6,0.0,49093
2025-01-23,5631.8,5704.0,5536.6,5540.2,0.0,73922
2025-01-24,5545.0,5648.0,5540.0,5638.6,0.0,62668
2025-01-27,5644.6,5658.8,5525.0,5532.8,0.0,48896
2025-02-05,5592.0,5613.0,5540.6,5567.8,0.0,51569
2025-02-06,5563.0,5728.0,5551.4,5712.8,0.0,60055
2025-02-07,5712.8,5877.4,5703.6,5807.6,0.0,79118
2025-02-10,5832.0,5863.8,5804.0,5844.0,0.0,50534
2025-02-11,5848.8,5848.8,5782.6,5822.8,0.0,46781
2025-02-12,5811.4,5916.2,5809.4,5902.6,0.0,58621
2025-02-13,5895.0,5917.8,5850.0,5873.0,0.0,59053
2025-02-14,5878.2,5933.8,5855.0,5925.0,0.0,62706
2025-02-17,5958.0,5960.0,5860.6,5909.4,0.0,64852
2025-02-18,5900.6,5919.2,5783.0,5822.6,0.0,69781
2025-02-19,5822.6,5924.6,5806.6,5913.4,0.0,70237
2025-02-20,5895.0,5948.8,5881.8,5918.0,0.0,63368
2025-02-21,5933.0,6048.2,5909.0,6028.8,0.0,81002
2025-02-24,6025.0,6030.0,5958.0,5994.4,0.0,71380
2025-02-25,5948.0,5998.8,5916.6,5950.4,0.0,68917
2025-02-26,5962.4,6029.6,5922.6,5997.0,0.0,79564
2025-02-27,5990.6,6014.4,5888.6,5982.4,0.0,84699
2025-02-28,5961.2,5965.0,5808.4,5838.4,0.0,85967
2025-03-03,5853.0,5938.0,5822.2,5847.2,0.0,80874
2025-03-04,5810.6,5921.4,5810.0,5896.4,0.0,67897
2025-03-05,5900.0,5919.0,5837.0,5905.8,0.0,71038
2025-03-06,5941.0,6047.0,5940.0,6020.0,0.0,77533
2025-03-07,6006.0,6036.0,5968.2,5992.4,0.0,64656
2025-03-10,5985.0,6008.4,5920.2,5961.2,0.0,66437
2025-03-11,5906.0,6011.8,5901.0,6011.0,0.0,68926
2025-03-12,6028.6,6079.8,5998.6,6019.0,0.0,67452
2025-03-13,6013.4,6027.8,5914.6,5967.8,0.0,71591
2025-03-14,5970.2,6099.2,5951.4,6096.2,0.0,85658
2025-03-17,6109.0,6110.0,6077.2,6083.0,0.0,57551
2025-03-18,5960.0,6018.2,5946.8,5963.6,0.0,25537
2025-03-19,5956.0,5969.2,5915.0,5948.4,0.0,26605
2025-03-20,5944.6,5944.6,5892.2,5902.4,0.0,29573
2025-03-21,5890.0,5917.2,5774.8,5810.6,0.0,47871
2025-03-24,5815.0,5831.6,5739.2,5802.0,0.0,38793
2025-03-25,5795.8,5831.0,5763.4,5794.0,0.0,33411
2025-03-26,5794.6,5845.0,5790.4,5795.0,0.0,32432
2025-03-27,5791.6,5862.8,5733.4,5819.0,0.0,38074
2025-03-28,5821.8,5837.6,5752.4,5766.8,0.0,33059
2025-03-31,5745.6,5774.0,5647.0,5710.8,0.0,43141
2025-04-01,5722.8,5784.2,5712.2,5738.6,0.0,33566
2025-04-02,5735.0,5795.6,5732.0,5759.4,0.0,25553
2025-04-03,5710.0,5777.0,5680.4,5712.2,0.0,39622
2025-04-07,5475.0,5530.4,5139.0,5139.0,0.0,66326
2025-04-08,5175.0,5235.0,5054.0,5139.4,0.0,73760
2025-04-09,5050.0,5306.8,4966.2,5262.8,0.0,75409
2025-04-10,5359.8,5469.0,5359.8,5381.2,0.0,53950
2025-04-11,5381.2,5488.6,5361.8,5424.2,0.0,40616
2025-04-14,5470.0,5498.0,5436.0,5437.4,0.0,29820
2025-04-15,5437.4,5453.8,5381.0,5415.6,0.0,32729
2025-04-16,5400.0,5403.6,5316.2,5366.6,0.0,38543
2025-04-17,5351.0,5454.0,5347.0,5406.6,0.0,44149
2025-04-18,5406.6,5446.0,5366.0,5400.0,0.0,42314
2025-04-21,5393.0,5521.8,5375.4,5499.8,0.0,42483
2025-04-22,5497.8,5514.6,5467.4,5486.0,0.0,37064
2025-04-23,5530.0,5564.6,5476.0,5495.0,0.0,45995
2025-04-24,5495.0,5515.6,5443.0,5478.0,0.0,39686
2025-04-25,5491.8,5546.2,5467.0,5498.6,0.0,43767
2025-04-28,5498.0,5509.0,5444.2,5471.0,0.0,37058
2025-04-29,5460.0,5505.8,5440.8,5487.2,0.0,34048
2025-04-30,5487.2,5531.8,5484.8,5497.0,0.0,38409
2025-05-06,5544.0,5625.4,5537.0,5622.0,0.0,43200
2025-05-07,5700.0,5748.0,5591.4,5620.2,0.0,54572
2025-05-08,5610.0,5685.6,5609.6,5660.0,0.0,43288
2025-05-09,5656.0,5658.0,5583.0,5604.8,0.0,44378
2025-05-12,5658.0,5692.0,5625.0,5688.0,0.0,52449
2025-05-13,5705.2,5717.8,5639.8,5654.6,0.0,49100
2025-05-14,5663.4,5749.2,5635.8,5697.8,0.0,72621
2025-05-15,5685.0,5689.8,5602.6,5623.0,0.0,58925
2025-05-16,5615.8,5641.6,5601.2,5601.8,0.0,47834
2025-05-19,5600.0,5628.0,5548.2,5623.0,0.0,51297
2025-05-20,5630.2,5663.0,5596.6,5650.8,0.0,45384
2025-05-21,5638.2,5665.8,5628.0,5655.6,0.0,39909
2025-05-22,5650.4,5686.6,5598.0,5614.8,0.0,53832
2025-05-23,5608.0,5664.8,5557.0,5561.8,0.0,67871
2025-05-26,5561.8,5622.0,5560.0,5594.6,0.0,56454
2025-05-27,5591.4,5599.8,5545.2,5578.0,0.0,52001
2025-05-28,5587.2,5596.0,5549.0,5568.0,0.0,42102
2025-05-29,5585.0,5685.2,5572.0,5668.6,0.0,68773
2025-05-30,5641.8,5645.0,5590.2,5627.8,0.0,53557
2025-06-03,5618.0,5670.8,5603.2,5638.4,0.0,46453
2025-06-04,5643.8,5706.0,5641.4,5688.8,0.0,38714
2025-06-05,5690.0,5741.0,5671.0,5723.6,0.0,43186
2025-06-06,5725.0,5734.6,5708.0,5725.4,0.0,34070
2025-06-09,5739.8,5801.0,5729.8,5766.4,0.0,46713
2025-06-10,5766.0,5774.0,5685.6,5718.2,0.0,52147
2025-06-11,5729.2,5800.0,5725.2,5761.2,0.0,47295
2025-06-12,5752.8,5787.6,5731.4,5780.0,0.0,40513
2025-06-13,5770.0,5774.0,5705.0,5729.0,0.0,53130
2025-06-16,5724.0,5773.4,5718.4,5756.2,0.0,47548
2025-06-17,5598.8,5598.8,5550.4,5575.4,0.0,18282
2025-06-18,5568.2,5581.8,5530.2,5563.4,0.0,20292
2025-06-19,5547.0,5569.6,5477.0,5504.4,0.0,27057
2025-06-20,5516.6,5520.6,5480.0,5484.0,0.0,26566
2025-06-23,5458.8,5541.0,5457.2,5524.0,0.0,30037
2025-06-24,5537.4,5650.4,5536.0,5632.6,0.0,37274
2025-06-25,5634.0,5770.8,5634.0,5759.8,0.0,44001
2025-06-26,5749.8,5763.2,5722.8,5729.0,0.0,29745
2025-06-27,5748.0,5801.0,5724.0,5745.0,0.0,32557
2025-06-30,5766.0,5788.6,5748.0,5768.8,0.0,27514
2025-07-01,5759.0,5781.2,5722.0,5764.6,0.0,26248
2025-07-02,5748.0,5763.6,5724.6,5756.6,0.0,25123
2025-07-03,5769.6,5787.8,5735.0,5769.2,0.0,26648
2025-07-04,5761.8,5836.0,5726.0,5765.4,0.0,40420
2025-07-07,5757.0,5775.0,5735.0,5747.6,0.0,21867
2025-07-08,5743.2,5859.8,5743.2,5858.0,0.0,36690
2025-07-09,5850.0,5858.0,5818.0,5823.4,0.0,26515
2025-07-10,5831.0,5880.4,5813.6,5854.2,0.0,28492
2025-07-11,5849.0,5964.8,5829.0,5920.4,0.0,47871
2025-07-14,5916.4,5928.0,5895.8,5897.6,0.0,22467
2025-07-15,5900.4,5942.0,5847.8,5893.4,0.0,38675
2025-07-16,5891.6,5961.2,5873.0,5895.2,0.0,37648
2025-07-17,5900.0,5981.0,5890.8,5978.0,0.0,38304
2025-07-18,5988.8,6022.0,5968.0,6000.8,0.0,41183
2025-07-21,6036.0,6077.4,6022.2,6055.6,0.0,42464
2025-07-22,6064.0,6133.0,6050.0,6129.4,0.0,49010
2025-07-23,6135.8,6184.8,6101.8,6120.0,0.0,54336
2025-07-24,6120.4,6234.6,6115.0,6226.0,0.0,49292
2025-07-25,6218.0,6232.0,6189.6,6216.0,0.0,39078
2025-07-28,6218.4,6251.8,6176.2,6222.0,0.0,46353
2025-07-29,6211.0,6267.0,6161.4,6263.0,0.0,46670
2025-07-30,6261.0,6275.0,6173.2,6215.4,0.0,58280
2025-07-31,6198.4,6228.0,6084.4,6124.0,0.0,65759
2025-08-01,6130.0,6163.8,6078.8,6104.0,0.0,49203
2025-08-04,6084.0,6169.8,6083.2,6169.0,0.0,42885
2025-08-05,6177.0,6204.0,6160.0,6198.6,0.0,34079
2025-08-06,6198.0,6274.0,6192.0,6263.2,0.0,37260
2025-08-07,6262.0,6288.8,6195.2,6226.4,0.0,48504
2025-08-08,6219.0,6251.0,6196.0,6227.0,0.0,37017
2025-08-11,6254.0,6339.0,6240.8,6298.8,0.0,48225
2025-08-12,6301.0,6347.8,6281.0,6342.6,0.0,42560
2025-08-13,6351.0,6466.0,6351.0,6451.8,0.0,57282
2025-08-14,6466.0,6469.2,6358.2,6380.2,0.0,65643
2025-08-15,6365.0,6541.0,6365.0,6531.0,0.0,77380
2025-08-18,6552.0,6684.6,6530.0,6608.0,0.0,83689
2025-08-19,6600.0,6652.0,6583.2,6600.0,0.0,64150
2025-08-20,6568.0,6699.4,6522.0,6695.2,0.0,77339
2025-08-21,6703.0,6724.4,6618.4,6656.4,0.0,75992
2025-08-22,6660.2,6812.0,6660.2,6810.4,0.0,81929
2025-08-25,6836.0,6958.2,6831.0,6909.6,0.0,93555
2025-08-26,6886.0,6983.2,6872.0,6916.4,0.0,75616
2025-08-27,6929.8,7042.8,6813.4,6837.8,0.0,109151
2025-08-28,6850.0,6977.2,6761.4,6967.0,0.0,114593
2025-08-29,6960.0,7039.4,6925.2,6996.8,0.0,102806
2025-09-01,7021.0,7065.0,6975.0,7014.8,0.0,76930
2025-09-02,7026.0,7031.8,6830.0,6896.2,0.0,105870
2025-09-03,6928.0,6945.0,6758.2,6788.8,0.0,100697
2025-09-04,6818.0,6857.2,6550.0,6647.0,0.0,113276
2025-09-05,6667.0,6905.2,6637.8,6898.6,0.0,97724
2025-09-08,6906.2,6953.4,6841.6,6920.8,0.0,80662
2025-09-09,6904.0,6948.4,6832.0,6872.8,0.0,75927
2025-09-10,6883.8,6948.8,6833.0,6863.4,0.0,75803
2025-09-11,6863.0,7125.8,6825.0,7124.6,0.0,103556
2025-09-12,7109.8,7198.0,7107.6,7140.0,0.0,86462
2025-09-15,7030.2,7030.2,6936.6,6939.4,0.0,41902
2025-09-16,6971.0,7033.0,6881.4,6996.8,0.0,54234
2025-09-17,6990.0,7088.0,6951.0,7081.0,0.0,56441
2025-09-18,7073.0,7189.8,6891.0,6985.4,0.0,101129
2025-09-19,6995.6,7036.8,6924.0,6984.0,0.0,90167
2025-09-22,7007.0,7019.8,6925.2,7013.2,0.0,67975
2025-09-23,7033.0,7038.0,6789.0,6940.6,0.0,107027
2025-09-24,6910.0,7162.6,6906.0,7157.0,0.0,103608
2025-09-25,7139.0,7212.8,7132.4,7166.6,0.0,76629
2025-09-26,7147.0,7196.6,7080.0,7080.0,0.0,82089
2025-09-29,7083.8,7266.0,7058.0,7232.2,0.0,91906
2025-09-30,7252.0,7323.0,7236.2,7290.4,0.0,71590
2025-10-09,7330.0,7469.6,7323.8,7415.8,0.0,88806
2025-10-10,7398.8,7398.8,7252.2,7266.0,0.0,99771
2025-10-13,7100.0,7251.0,7075.0,7231.0,0.0,101843
2025-10-14,7252.0,7317.8,6971.8,7010.0,0.0,131717
2025-10-15,7068.0,7166.0,7008.0,7140.2,0.0,105607
2025-10-16,7123.0,7144.0,7018.0,7062.0,0.0,88010
2025-10-17,7062.0,7098.2,6840.0,6863.2,0.0,97770
2025-10-20,6968.4,6997.4,6885.0,6909.2,0.0,81712
2025-10-21,6948.0,7098.0,6948.0,7052.8,0.0,89215
2025-10-22,7021.8,7052.4,6970.0,7011.6,0.0,68879
2025-10-23,6995.0,7047.4,6893.8,7040.0,0.0,92122
2025-10-24,7078.0,7159.8,7043.6,7159.8,0.0,84722
2025-10-27,7228.8,7285.8,7191.0,7254.4,0.0,87202
2025-10-28,7240.0,7313.0,7203.6,7231.0,0.0,82049
2025-10-29,7258.0,7395.0,7257.6,7390.0,0.0,88124
2025-10-30,7370.0,7374.0,7265.0,7299.0,0.0,106213
2025-10-31,7327.0,7355.0,7239.6,7242.4,0.0,92416
2025-11-03,7240.0,7250.8,7108.0,7239.6,0.0,90896
2025-11-04,7225.0,7227.2,7032.2,7094.6,0.0,90041
2025-11-05,7038.0,7159.0,7006.0,7108.0,0.0,93164
2025-11-06,7130.0,7261.8,7120.0,7246.4,0.0,85816
2025-11-07,7211.8,7268.8,7172.0,7230.2,0.0,68877
2025-11-10,7260.0,7301.0,7176.2,7235.8,0.0,76452
2025-11-11,7296.0,7296.0,7160.0,7173.0,0.0,69626
2025-11-12,7166.0,7215.0,7081.0,7155.2,0.0,90041
2025-11-13,7140.0,7278.2,7138.0,7269.0,0.0,80371
2025-11-14,7218.0,7240.0,7136.8,7137.4,0.0,71699
2025-11-17,7169.0,7181.8,7107.0,7143.4,0.0,73642
2025-11-18,7107.0,7139.0,7028.0,7079.8,0.0,83267
2025-11-19,7085.4,7113.6,7013.0,7054.8,0.0,83682
2025-11-20,7118.8,7124.2,6988.4,7000.0,0.0,89650
2025-11-21,6949.0,6964.8,6765.0,6770.0,0.0,131128
2025-11-24,6800.0,6867.8,6754.4,6827.6,0.0,92262
2025-11-25,6876.0,6991.8,6873.0,6900.0,0.0,93552
2025-11-26,6918.6,6978.0,6890.0,6909.4,0.0,74334
2025-11-27,6916.4,7008.8,6881.2,6896.2,0.0,76028
2025-11-28,6901.2,6982.6,6887.4,6974.2,0.0,72395
2025-12-01,6998.0,7049.0,6977.4,7031.6,0.0,64309
2025-12-02,7023.6,7026.8,6966.0,6982.2,0.0,54148
2025-12-03,6987.2,7018.0,6925.4,6950.4,0.0,67339
2025-12-04,6970.0,7005.6,6912.0,6983.2,0.0,64721
2025-12-05,6976.0,7087.4,6921.2,7083.2,0.0,83349
2025-12-08,7096.0,7173.0,7096.0,7144.0,0.0,63355
2025-12-09,7130.0,7161.2,7082.4,7094.4,0.0,57109
2025-12-10,7083.0,7143.6,7040.0,7122.2,0.0,69706
2025-12-11,7140.8,7151.6,7066.4,7074.4,0.0,63847
2025-12-12,7101.0,7188.4,7058.4,7174.0,0.0,82739
2025-12-15,6962.6,7007.4,6939.2,6940.8,0.0,42167
2025-12-16,6941.0,6941.0,6789.0,6843.4,0.0,50922
2025-12-17,6840.0,7022.0,6820.0,6996.0,0.0,63450
2025-12-18,6954.0,7039.8,6950.4,6973.6,0.0,57027
2025-12-19,6999.0,7087.8,6988.0,7055.4,0.0,69784
2025-12-22,7100.0,7170.0,7088.6,7123.2,0.0,58271
2025-12-23,7121.0,7178.6,7108.0,7133.2,0.0,53906
2025-12-24,7142.6,7271.6,7128.8,7240.4,0.0,69984
2025-12-25,7240.0,7344.0,7219.8,7320.6,0.0,63146
2025-12-26,7330.2,7431.2,7330.0,7388.0,0.0,84671
2025-12-29,7386.2,7414.6,7318.0,7336.6,0.0,63940
2025-12-30,7317.2,7425.2,7308.8,7381.0,0.0,66223
2025-12-31,7393.0,7400.2,7335.0,7362.8,0.0,62267
2026-01-05,7424.4,7599.2,7422.0,7596.0,0.0,79757
2026-01-06,7630.0,7786.4,7616.0,7786.4,0.0,94435
2026-01-07,7804.0,7845.6,7770.0,7802.6,0.0,85963
2026-01-08,7786.0,7883.8,7774.6,7814.4,0.0,87667
2026-01-09,7822.0,8037.8,7822.0,8037.8,0.0,110023
2026-01-12,8099.0,8268.0,8044.0,8236.6,0.0,114590
2026-01-13,8260.6,8265.0,8078.0,8131.2,0.0,120900
2026-01-14,8168.0,8388.6,8059.4,8197.8,0.0,173512
2026-01-15,8130.0,8239.2,8115.0,8206.8,0.0,110213
2026-01-16,8277.8,8280.2,8162.4,8210.4,0.0,102740
2026-01-19,8182.6,8324.8,8172.2,8266.0,0.0,98224
2026-01-20,8289.0,8348.0,8112.0,8248.8,0.0,123309
2026-01-21,8216.6,8372.0,8205.0,8371.0,0.0,101832
2026-01-22,8405.0,8434.0,8333.6,8400.0,0.0,81239
2026-01-23,8440.0,8660.0,8427.0,8658.2,0.0,103171
2026-01-26,8695.0,8728.2,8428.2,8470.0,0.0,128932
2026-01-27,8461.0,8604.6,8346.0,8547.6,0.0,121961
2026-01-28,8564.2,8658.0,8515.2,8622.0,0.0,94115
2026-01-29,8615.0,8700.0,8488.2,8517.6,0.0,115687
2026-01-30,8469.2,8535.0,8135.0,8362.4,0.0,137793
2026-02-02,8262.2,8334.4,7832.0,7903.2,0.0,151002
2026-02-03,8100.0,8296.8,8011.2,8282.0,0.0,122145
2026-02-04,8245.0,8317.8,8133.6,8313.6,0.0,100543
2026-02-05,8221.0,8229.0,8030.0,8120.2,0.0,112281
2026-02-06,8000.0,8249.6,7950.0,8117.4,0.0,113205
2026-02-09,8260.0,8324.0,8220.0,8311.6,0.0,76113
2026-02-10,8318.0,8329.0,8244.8,8290.8,0.0,54914
2026-02-11,8290.8,8384.0,8282.8,8336.4,0.0,59866
2026-02-12,8348.2,8458.8,8331.2,8448.8,0.0,69413
2026-02-13,8398.0,8419.0,8250.0,8274.8,0.0,81351
2026-02-24,8360.0,8455.0,8314.0,8371.6,0.0,73322
2026-02-25,8411.0,8558.0,8394.0,8529.0,0.0,77377
2026-02-26,8558.6,8568.0,8477.4,8537.4,0.0,68251
2026-02-27,8490.0,8650.0,8484.0,8645.4,0.0,78564
2026-03-02,8600.0,8686.0,8519.8,8627.0,0.0,105223
2026-03-03,8641.8,8642.0,8238.8,8266.2,0.0,150232
2026-03-04,8253.0,8380.4,8193.0,8219.4,0.0,121611
2026-03-05,8339.4,8361.4,8180.6,8255.6,0.0,100813
2026-03-06,8244.0,8379.8,8224.2,8322.6,0.0,81441
2026-03-09,8201.8,8294.2,7710.0,8267.0,0.0,116276
2026-03-10,8347.0,8405.8,8290.0,8393.6,0.0,83464
2026-03-11,8260.6,8285.0,8192.4,8199.4,0.0,35019
2026-03-12,8169.4,8223.4,8065.6,8127.2,0.0,43053
2026-03-13,8100.2,8183.6,8012.8,8030.8,0.0,44217
2026-03-16,8030.4,8048.4,7855.0,8003.4,0.0,55370
2026-03-17,8040.0,8048.0,7803.4,7809.8,0.0,59945
2026-03-18,7844.0,7915.2,7762.4,7884.4,0.0,65006
2026-03-19,7760.0,7816.8,7610.0,7671.0,0.0,91263
2026-03-20,7750.0,7766.6,7550.2,7559.4,0.0,104148
2026-03-23,7460.0,7532.2,7171.0,7235.0,0.0,130671
2026-03-24,7300.0,7420.4,7179.0,7409.6,0.0,118729
2026-03-25,7500.0,7652.0,7480.0,7530.0,0.0,106784
2026-03-26,7501.0,7578.8,7406.6,7413.8,0.0,82703
2026-03-27,7358.8,7612.6,7348.0,7559.2,0.0,94768
2026-03-30,7470.8,7576.6,7372.4,7560.6,0.0,98144
2026-03-31,7568.0,7619.0,7417.8,7425.0,0.0,99001
2026-04-01,7585.0,7612.8,7509.0,7565.8,0.0,91572
2026-04-02,7500.0,7561.4,7341.4,7409.6,0.0,93435
2026-04-03,7459.2,7459.8,7325.2,7352.0,0.0,78708
2026-04-07,7380.0,7470.0,7355.6,7388.8,0.0,70619
2026-04-08,7616.0,7834.6,7600.0,7831.8,0.0,107885
2026-04-09,7749.8,7793.6,7698.8,7748.8,0.0,77423
2026-04-10,7828.0,7945.4,7796.4,7828.6,0.0,92493
2026-04-13,7792.0,7864.0,7792.0,7808.8,0.0,69300
2026-04-14,7900.0,7944.4,7842.4,7938.4,0.0,86041
2026-04-15,7994.2,8023.0,7901.0,7904.0,0.0,80222
2026-04-16,7950.0,8084.4,7937.4,8065.0,0.0,84522
2026-04-17,8036.8,8119.6,8015.0,8098.8,0.0,72169
2026-04-20,8076.4,8213.8,8076.4,8146.2,0.0,74383
2026-04-21,8137.0,8150.0,8055.0,8124.4,0.0,68719
2026-04-22,8100.0,8265.6,8091.0,8264.2,0.0,75950
2026-04-23,8288.2,8288.2,8090.0,8177.0,0.0,99438
2026-04-24,8150.8,8193.8,8042.0,8132.8,0.0,97813
2026-04-27,8145.2,8220.2,8103.0,8186.4,0.0,68000
2026-04-28,8176.6,8178.4,8056.2,8094.6,0.0,77268
2026-04-29,8066.0,8281.8,8066.0,8270.0,0.0,83644
2026-04-30,8270.0,8287.8,8206.0,8270.0,0.0,65947
2026-05-06,8377.6,8565.4,8375.4,8497.6,0.0,82861
2026-05-07,8550.4,8638.4,8520.4,8624.8,0.0,66653
2026-05-08,8586.0,8648.0,8546.4,8620.8,0.0,66400
2026-05-11,8691.0,8791.0,8628.4,8738.6,0.0,92144
2026-05-12,8753.2,8754.0,8656.2,8695.4,0.0,80291
2026-05-13,8666.0,8866.6,8653.0,8850.2,0.0,92744
2026-05-14,8870.0,8886.8,8603.4,8608.0,0.0,133564
2026-05-15,8622.2,8652.2,8378.2,8448.8,0.0,155372
2026-05-18,8418.4,8545.0,8403.2,8479.2,0.0,103844
2026-05-19,8455.0,8542.8,8324.6,8535.2,0.0,118465
2026-05-20,8516.0,8586.8,8450.0,8573.8,0.0,108580
2026-05-21,8650.8,8728.0,8310.0,8326.8,0.0,146781
2026-05-22,8401.0,8532.6,8357.8,8469.2,0.0,119676
2026-05-25,8543.0,8603.8,8444.2,8582.8,0.0,106542
2026-05-26,8563.2,8576.6,8425.0,8565.0,0.0,117245
2026-05-27,8566.0,8658.2,8372.2,8415.8,0.0,131059
2026-05-28,8410.2,8526.2,8321.6,8458.0,0.0,118479
2026-05-29,8500.0,8518.0,8218.2,8274.6,0.0,126854
